episode,book,comment_id,word,sentiment
2,TRUE,1,favorite,positive
2,TRUE,1,love,positive
2,TRUE,1,beauty,positive
2,TRUE,1,celebrate,positive
2,TRUE,1,humble,positive
2,TRUE,1,vulnerable,negative
2,TRUE,1,fair,positive
2,TRUE,1,lost,negative
2,TRUE,1,shallow,negative
2,TRUE,1,devoid,negative
2,TRUE,1,miraculous,positive
2,TRUE,1,love,positive
2,TRUE,1,slow,negative
2,TRUE,1,beautiful,positive
2,TRUE,1,incredible,positive
2,TRUE,1,lost,negative
2,TRUE,1,unyielding,negative
2,TRUE,1,compulsion,negative
2,TRUE,1,grief,negative
2,TRUE,1,poignant,positive
2,TRUE,1,perfect,positive
2,TRUE,2,nice,positive
2,TRUE,2,neat,positive
2,TRUE,3,hot,positive
2,TRUE,4,powerful,positive
2,TRUE,4,magical,positive
2,TRUE,5,accurate,positive
2,TRUE,5,bad,negative
2,TRUE,5,graceful,positive
2,TRUE,6,loved,positive
2,TRUE,6,struck,negative
2,TRUE,6,favorite,positive
2,TRUE,6,preferring,positive
2,TRUE,6,unable,negative
2,TRUE,7,dirty,negative
2,TRUE,8,stranger,negative
2,TRUE,8,blessing,positive
2,TRUE,8,fallen,negative
2,TRUE,9,died,negative
2,TRUE,10,fuck,negative
2,TRUE,11,disliked,negative
2,TRUE,11,lead,positive
2,TRUE,12,pretty,positive
2,TRUE,12,funny,negative
2,TRUE,12,bad,negative
2,TRUE,13,shit,negative
2,TRUE,13,funny,negative
2,TRUE,14,pretty,positive
2,TRUE,14,disappointed,negative
2,TRUE,14,annoys,negative
2,TRUE,14,disregard,negative
2,TRUE,14,lack,negative
2,TRUE,14,issues,negative
2,TRUE,14,fucking,negative
2,TRUE,14,lucky,positive
2,TRUE,14,greed,negative
2,TRUE,14,flaws,negative
2,TRUE,14,insightful,positive
2,TRUE,14,annoyed,negative
2,TRUE,14,wise,positive
2,TRUE,14,evil,negative
2,TRUE,14,survivor,positive
2,TRUE,14,sack,negative
2,TRUE,14,ignore,negative
2,TRUE,14,leads,positive
2,TRUE,14,smack,negative
2,TRUE,14,pig,negative
2,TRUE,14,shit,negative
2,TRUE,14,trouble,negative
2,TRUE,14,legendary,positive
2,TRUE,14,killed,negative
2,TRUE,14,shit,negative
2,TRUE,15,reward,positive
2,TRUE,15,pretty,positive
2,TRUE,15,authoritarian,negative
2,TRUE,15,pretty,positive
2,TRUE,15,uneven,negative
2,TRUE,15,modern,positive
2,TRUE,15,ample,positive
2,TRUE,15,modern,positive
2,TRUE,15,ample,positive
2,TRUE,15,ironically,negative
2,TRUE,15,stuck,negative
2,TRUE,15,heroic,positive
2,TRUE,15,struck,negative
2,TRUE,15,intermittent,negative
2,TRUE,15,charming,positive
2,TRUE,15,fake,negative
2,TRUE,15,lucky,positive
2,TRUE,15,attraction,positive
2,TRUE,15,unjustified,negative
2,TRUE,15,skill,positive
2,TRUE,15,skilled,positive
2,TRUE,15,heal,positive
2,TRUE,15,struck,negative
2,TRUE,15,odd,negative
2,TRUE,15,nitpick,negative
2,TRUE,15,fiction,negative
2,TRUE,15,complain,negative
2,TRUE,15,bad,negative
2,TRUE,16,perfect,positive
2,TRUE,16,clunky,negative
2,TRUE,16,strong,positive
2,TRUE,16,static,negative
2,TRUE,16,seriousness,negative
2,TRUE,16,die,negative
2,TRUE,16,prefer,positive
2,TRUE,16,simplified,positive
2,TRUE,16,enthusiasm,positive
2,TRUE,16,easy,positive
2,TRUE,16,falling,negative
2,TRUE,16,hubris,negative
2,TRUE,16,tragic,negative
2,TRUE,16,nice,positive
2,TRUE,16,cartoonish,negative
2,TRUE,16,issue,negative
2,TRUE,16,hate,negative
2,TRUE,16,fake,negative
2,TRUE,16,tension,negative
2,TRUE,16,falling,negative
2,TRUE,16,cheap,negative
2,TRUE,16,lazy,negative
2,TRUE,16,loses,negative
2,TRUE,16,loses,negative
2,TRUE,16,penalty,negative
2,TRUE,16,losing,negative
2,TRUE,16,untouched,negative
2,TRUE,16,pretty,positive
2,TRUE,16,blatant,negative
2,TRUE,16,bane,negative
2,TRUE,16,forged,negative
2,TRUE,16,weird,negative
2,TRUE,16,odd,negative
2,TRUE,16,strange,negative
2,TRUE,16,strange,negative
2,TRUE,16,loose,negative
2,TRUE,16,criticism,negative
2,TRUE,16,plot,negative
2,TRUE,16,plot,negative
2,TRUE,17,amazing,positive
2,TRUE,17,loving,positive
2,TRUE,17,lighter,positive
2,TRUE,17,amazing,positive
2,TRUE,17,failing,negative
2,TRUE,17,happy,positive
2,TRUE,17,happy,positive
2,TRUE,17,scary,negative
2,TRUE,17,scary,negative
2,TRUE,19,pretty,positive
2,TRUE,19,fans,positive
2,TRUE,19,fine,positive
2,TRUE,19,impressed,positive
2,TRUE,19,spite,negative
2,TRUE,19,worried,negative
2,TRUE,19,plot,negative
2,TRUE,19,weird,negative
2,TRUE,19,dynamic,positive
2,TRUE,19,evil,negative
2,TRUE,19,pretty,positive
2,TRUE,20,exceeded,positive
2,TRUE,20,falls,negative
2,TRUE,20,bad,negative
2,TRUE,20,manipulative,negative
2,TRUE,20,lackey,negative
2,TRUE,20,badly,negative
2,TRUE,20,sloppy,negative
2,TRUE,20,shit,negative
2,TRUE,20,rubbish,negative
2,TRUE,20,ugly,negative
2,TRUE,20,evil,negative
2,TRUE,20,fuck,negative
2,TRUE,20,bloody,negative
2,TRUE,21,super,positive
2,TRUE,21,excited,positive
2,TRUE,21,bad,negative
2,TRUE,21,lacks,negative
2,TRUE,21,disappointment,negative
2,TRUE,21,beautiful,positive
2,TRUE,22,plot,negative
2,TRUE,23,excited,positive
2,TRUE,23,glowing,positive
2,TRUE,23,disappointed,negative
2,TRUE,23,enjoyed,positive
2,TRUE,23,happy,positive
2,TRUE,23,super,positive
2,TRUE,23,jealous,negative
2,TRUE,23,denying,negative
2,TRUE,23,beautiful,positive
2,TRUE,23,happy,positive
2,TRUE,23,powerful,positive
2,TRUE,23,scary,negative
2,TRUE,23,glory,positive
2,TRUE,23,cool,positive
2,TRUE,23,loved,positive
2,TRUE,23,wedge,negative
2,TRUE,23,annoyed,negative
2,TRUE,23,bad,negative
2,TRUE,23,smart,positive
2,TRUE,23,cheap,negative
2,TRUE,23,ominous,negative
2,TRUE,23,bored,negative
2,TRUE,23,cute,positive
2,TRUE,23,intriguing,positive
2,TRUE,23,bad,negative
2,TRUE,23,hard,negative
2,TRUE,23,annoyed,negative
2,TRUE,23,stupid,negative
2,TRUE,23,irk,negative
2,TRUE,23,ready,positive
2,TRUE,23,missed,negative
2,TRUE,23,fictional,negative
2,TRUE,23,arcane,negative
2,TRUE,23,plot,negative
2,TRUE,23,enhances,positive
2,TRUE,23,magic,positive
2,TRUE,23,enjoyed,positive
2,TRUE,24,bother,negative
2,TRUE,25,boring,negative
2,TRUE,25,glad,positive
2,TRUE,25,properly,positive
2,TRUE,25,enjoyed,positive
2,TRUE,25,bother,negative
2,TRUE,25,popular,positive
2,TRUE,25,expensive,negative
2,TRUE,25,complaints,negative
2,TRUE,25,gorgeous,positive
2,TRUE,25,nice,positive
2,TRUE,25,bad,negative
2,TRUE,26,issues,negative
2,TRUE,26,curse,negative
2,TRUE,26,mess,negative
2,TRUE,26,died,negative
2,TRUE,26,died,negative
2,TRUE,26,uphold,positive
2,TRUE,26,silly,negative
2,TRUE,26,revenge,negative
2,TRUE,26,tragic,negative
2,TRUE,26,plot,negative
2,TRUE,26,undermines,negative
2,TRUE,26,nice,positive
2,TRUE,26,cool,positive
2,TRUE,26,damage,negative
2,TRUE,28,killed,negative
2,TRUE,28,exile,negative
2,TRUE,28,cool,positive
2,TRUE,28,shit,negative
2,TRUE,28,fell,negative
2,TRUE,28,loose,negative
2,TRUE,28,wrath,negative
2,TRUE,28,dead,negative
2,TRUE,28,pretty,positive
2,TRUE,28,dark,negative
2,TRUE,29,deviation,negative
2,TRUE,29,death,negative
2,TRUE,29,doom,negative
2,TRUE,29,counterproductive,negative
2,TRUE,29,complaints,negative
2,TRUE,29,bad,negative
2,TRUE,30,weirdly,negative
2,TRUE,30,lost,negative
2,TRUE,30,unfinished,negative
2,TRUE,31,stranger,negative
2,TRUE,31,kindness,positive
2,TRUE,31,fondness,positive
2,TRUE,31,dark,negative
2,TRUE,31,gratitude,positive
2,TRUE,32,loved,positive
2,TRUE,32,amazing,positive
2,TRUE,32,favorite,positive
2,TRUE,32,peace,positive
2,TRUE,32,anger,negative
2,TRUE,32,frustration,negative
2,TRUE,32,indignant,negative
2,TRUE,32,dilemma,negative
2,TRUE,32,darkness,negative
2,TRUE,32,undermines,negative
2,TRUE,32,temptation,negative
2,TRUE,32,temptation,negative
2,TRUE,32,beneficial,positive
2,TRUE,32,rejection,negative
2,TRUE,32,beneficial,positive
2,TRUE,32,dissatisfied,negative
2,TRUE,32,temptation,negative
2,TRUE,32,love,positive
2,TRUE,32,dripping,negative
2,TRUE,33,losing,negative
2,TRUE,33,fall,negative
2,TRUE,33,plot,negative
2,TRUE,34,realistic,positive
2,TRUE,34,amazing,positive
2,TRUE,34,stunning,positive
2,TRUE,34,splendor,positive
2,TRUE,34,glory,positive
2,TRUE,34,bad,negative
2,TRUE,34,plot,negative
2,TRUE,34,stupid,negative
2,TRUE,34,plot,negative
2,TRUE,34,splendor,positive
2,TRUE,34,plot,negative
2,TRUE,35,honest,positive
2,TRUE,35,bothered,negative
2,TRUE,35,cheap,negative
2,TRUE,35,ready,positive
2,TRUE,35,urgent,negative
2,TRUE,35,nice,positive
2,TRUE,35,risk,negative
2,TRUE,35,love,positive
2,TRUE,35,complain,negative
2,TRUE,35,pointless,negative
2,TRUE,36,amazing,positive
2,TRUE,36,loved,positive
2,TRUE,37,burning,negative
2,TRUE,38,gorgeous,positive
2,TRUE,38,super,positive
2,TRUE,38,fun,positive
2,TRUE,38,intriguing,positive
2,TRUE,38,fast,positive
2,TRUE,38,loose,negative
2,TRUE,38,refusing,negative
2,TRUE,38,silly,negative
2,TRUE,38,hell,negative
2,TRUE,38,hell,negative
2,TRUE,38,pretty,positive
2,TRUE,38,dull,negative
2,TRUE,38,uneven,negative
2,TRUE,38,pretty,positive
2,TRUE,38,stiff,negative
2,TRUE,38,majesty,positive
2,TRUE,38,wisdom,positive
2,TRUE,38,super,positive
2,TRUE,38,accurate,positive
2,TRUE,38,unfortunate,negative
2,TRUE,39,overlook,negative
2,TRUE,39,hard,negative
2,TRUE,39,overlook,negative
2,TRUE,39,powerful,positive
2,TRUE,39,difficult,negative
2,TRUE,39,disrespect,negative
2,TRUE,39,crazy,negative
2,TRUE,40,issue,negative
2,TRUE,40,miss,negative
2,TRUE,40,outcast,negative
2,TRUE,40,cursed,negative
2,TRUE,40,sack,negative
2,TRUE,40,wrath,negative
2,TRUE,40,defeat,positive
2,TRUE,40,ruined,negative
2,TRUE,40,pardon,positive
2,TRUE,40,cool,positive
2,TRUE,40,accomplish,positive
2,TRUE,42,worry,negative
2,TRUE,42,glory,positive
2,TRUE,42,disappointment,negative
2,TRUE,42,loved,positive
2,TRUE,42,honor,positive
2,TRUE,42,positive,positive
2,TRUE,42,grand,positive
2,TRUE,42,beautiful,positive
2,TRUE,42,poetic,positive
2,TRUE,42,dislike,negative
2,TRUE,42,failure,negative
2,TRUE,42,honor,positive
2,TRUE,42,angry,negative
2,TRUE,42,compulsive,negative
2,TRUE,42,revenge,negative
2,TRUE,42,authoritarian,negative
2,TRUE,42,rigid,negative
2,TRUE,42,humor,positive
2,TRUE,42,miss,negative
2,TRUE,42,flawed,negative
2,TRUE,42,darkness,negative
2,TRUE,42,lovely,positive
2,TRUE,42,petty,negative
2,TRUE,42,cruelly,negative
2,TRUE,42,beauty,positive
2,TRUE,43,top,positive
2,TRUE,43,pretty,positive
2,TRUE,43,stranger,negative
2,TRUE,43,support,positive
2,TRUE,43,dangerous,negative
2,TRUE,43,eminent,positive
2,TRUE,43,darkness,negative
2,TRUE,43,fall,negative
2,TRUE,43,weakening,negative
2,TRUE,43,smack,negative
2,TRUE,43,pretty,positive
2,TRUE,44,embarrassingly,negative
2,TRUE,44,bad,negative
2,TRUE,45,amazing,positive
2,TRUE,46,likes,positive
2,TRUE,47,fine,positive
2,TRUE,47,weirdly,negative
2,TRUE,47,perfect,positive
2,TRUE,47,perfectly,positive
2,TRUE,48,mystery,negative
2,TRUE,48,stranger,negative
2,TRUE,48,wrong,negative
2,TRUE,48,twist,negative
2,TRUE,48,spoiled,negative
2,TRUE,49,fucking,negative
2,TRUE,49,despise,negative
2,TRUE,50,enjoyed,positive
2,TRUE,50,fine,positive
2,TRUE,50,skilled,positive
2,TRUE,50,weird,negative
3,TRUE,1,lack,negative
3,TRUE,1,hurts,negative
3,TRUE,1,fucking,negative
3,TRUE,1,enjoy,positive
3,TRUE,2,tease,negative
3,TRUE,4,enjoying,positive
3,TRUE,4,frustrating,negative
3,TRUE,5,accurate,positive
3,TRUE,5,love,positive
3,TRUE,5,golden,positive
3,TRUE,5,corrupted,negative
3,TRUE,5,nice,positive
3,TRUE,5,bait,negative
3,TRUE,5,willingly,positive
3,TRUE,5,hatred,negative
3,TRUE,5,nice,positive
3,TRUE,5,twist,negative
3,TRUE,6,forged,negative
3,TRUE,6,willingly,positive
3,TRUE,6,prisoner,negative
3,TRUE,6,corrupts,negative
3,TRUE,6,falls,negative
3,TRUE,6,exile,negative
3,TRUE,6,fair,positive
3,TRUE,6,exile,negative
3,TRUE,7,poison,negative
3,TRUE,7,gorgeous,positive
3,TRUE,7,bad,negative
3,TRUE,8,fuck,negative
3,TRUE,8,loved,positive
3,TRUE,8,tension,negative
3,TRUE,8,byzantine,negative
3,TRUE,8,love,positive
3,TRUE,8,falls,negative
3,TRUE,8,leads,positive
3,TRUE,8,pretty,positive
3,TRUE,8,fell,negative
3,TRUE,8,dark,negative
3,TRUE,8,complaint,negative
3,TRUE,8,bother,negative
3,TRUE,8,slow,negative
3,TRUE,8,mystery,negative
3,TRUE,8,love,positive
3,TRUE,8,cursed,negative
3,TRUE,8,stylized,positive
3,TRUE,8,stranger,negative
3,TRUE,8,fine,positive
3,TRUE,9,nice,positive
3,TRUE,9,faithful,positive
3,TRUE,9,spectacular,positive
3,TRUE,10,twisted,negative
3,TRUE,10,die,negative
3,TRUE,10,strange,negative
3,TRUE,10,overlook,negative
3,TRUE,10,cruel,negative
3,TRUE,10,leads,positive
3,TRUE,10,popular,positive
3,TRUE,10,properly,positive
3,TRUE,10,evil,negative
3,TRUE,10,charm,positive
3,TRUE,10,smooth,positive
3,TRUE,10,likable,positive
3,TRUE,10,cliche,negative
3,TRUE,10,plot,negative
3,TRUE,10,twist,negative
3,TRUE,10,evil,negative
3,TRUE,10,liking,positive
3,TRUE,10,poetic,positive
3,TRUE,10,charm,positive
3,TRUE,10,betray,negative
3,TRUE,10,mystery,negative
3,TRUE,11,tragic,negative
3,TRUE,11,scars,negative
3,TRUE,11,evil,negative
3,TRUE,11,weaker,negative
3,TRUE,12,enjoyed,positive
3,TRUE,12,awkward,negative
3,TRUE,12,enjoy,positive
3,TRUE,12,suffered,negative
3,TRUE,12,trauma,negative
3,TRUE,12,flee,negative
3,TRUE,12,threaten,negative
3,TRUE,12,steal,negative
3,TRUE,12,lengthy,negative
3,TRUE,12,fell,negative
3,TRUE,12,wrong,negative
3,TRUE,12,died,negative
3,TRUE,12,contradictory,negative
3,TRUE,12,love,positive
3,TRUE,12,love,positive
3,TRUE,12,love,positive
3,TRUE,12,stranger,negative
3,TRUE,12,panic,negative
3,TRUE,12,fortunately,positive
3,TRUE,12,enjoying,positive
3,TRUE,12,gorgeous,positive
3,TRUE,12,love,positive
3,TRUE,12,creative,positive
3,TRUE,12,instantly,positive
3,TRUE,12,nitpick,negative
3,TRUE,12,bad,negative
3,TRUE,13,terrible,negative
3,TRUE,14,unusual,negative
3,TRUE,14,limited,negative
3,TRUE,14,struck,negative
3,TRUE,14,enjoy,positive
3,TRUE,14,pride,positive
3,TRUE,14,broken,negative
3,TRUE,14,splatter,negative
3,TRUE,14,cry,negative
3,TRUE,14,criticism,negative
3,TRUE,14,odd,negative
3,TRUE,14,humor,positive
3,TRUE,14,joke,negative
3,TRUE,14,agreeable,positive
3,TRUE,14,nice,positive
3,TRUE,14,modern,positive
3,TRUE,14,jarring,negative
3,TRUE,14,wrong,negative
3,TRUE,14,bad,negative
3,TRUE,14,demonic,negative
3,TRUE,14,splitting,negative
3,TRUE,14,uneven,negative
3,TRUE,14,wrong,negative
3,TRUE,14,thoughtful,positive
3,TRUE,14,hard,negative
3,TRUE,14,decent,positive
3,TRUE,14,confident,positive
3,TRUE,14,stranger,negative
3,TRUE,15,angry,negative
3,TRUE,16,unpopular,negative
3,TRUE,16,wrong,negative
3,TRUE,16,splendor,positive
3,TRUE,16,complaint,negative
3,TRUE,16,wonderful,positive
3,TRUE,16,fuck,negative
3,TRUE,16,properly,positive
3,TRUE,16,poorly,negative
3,TRUE,16,inaccuracies,negative
3,TRUE,17,static,negative
3,TRUE,17,proud,positive
3,TRUE,17,benefit,positive
3,TRUE,17,doubt,negative
3,TRUE,17,confused,negative
3,TRUE,17,forged,negative
3,TRUE,17,correct,positive
3,TRUE,18,refusing,negative
3,TRUE,18,stealing,negative
3,TRUE,18,love,positive
3,TRUE,18,fears,negative
3,TRUE,18,conflict,negative
3,TRUE,18,fears,negative
3,TRUE,18,disappointing,negative
3,TRUE,18,sleazy,negative
3,TRUE,18,hard,negative
3,TRUE,18,golden,positive
3,TRUE,18,odd,negative
3,TRUE,18,odd,negative
3,TRUE,18,smile,positive
3,TRUE,18,ugly,negative
3,TRUE,18,defeat,positive
3,TRUE,18,easier,positive
3,TRUE,18,hate,negative
3,TRUE,18,burn,negative
3,TRUE,18,cute,positive
3,TRUE,18,awful,negative
3,TRUE,18,disappointing,negative
3,TRUE,18,leaks,negative
3,TRUE,18,corrupted,negative
3,TRUE,18,untrue,negative
3,TRUE,18,unwatchable,negative
3,TRUE,20,enjoyed,positive
3,TRUE,20,pretty,positive
3,TRUE,20,solid,positive
3,TRUE,20,tough,positive
3,TRUE,20,shit,negative
3,TRUE,20,realistic,positive
3,TRUE,20,wise,positive
3,TRUE,20,bad,negative
3,TRUE,22,amazing,positive
3,TRUE,22,advanced,positive
3,TRUE,22,promising,positive
3,TRUE,22,failed,negative
3,TRUE,22,prison,negative
3,TRUE,22,sad,negative
3,TRUE,22,bad,negative
3,TRUE,22,plot,negative
3,TRUE,23,impressed,positive
3,TRUE,24,stranger,negative
3,TRUE,24,corrupted,negative
3,TRUE,25,powerful,positive
3,TRUE,25,foresight,positive
3,TRUE,25,rational,positive
3,TRUE,27,impressed,positive
3,TRUE,27,concerns,negative
3,TRUE,27,strong,positive
3,TRUE,27,concern,negative
3,TRUE,27,lead,positive
3,TRUE,27,led,positive
3,TRUE,27,victory,positive
3,TRUE,27,gaining,positive
3,TRUE,27,weaker,negative
3,TRUE,27,strong,positive
3,TRUE,27,defensive,negative
3,TRUE,27,usurp,negative
3,TRUE,27,stranger,negative
3,TRUE,27,solid,positive
3,TRUE,27,strong,positive
3,TRUE,27,plot,negative
3,TRUE,27,powerful,positive
3,TRUE,28,ruined,negative
3,TRUE,28,plot,negative
3,TRUE,28,modern,positive
3,TRUE,29,stealing,negative
3,TRUE,30,sullen,negative
3,TRUE,30,delight,positive
3,TRUE,32,angelic,positive
3,TRUE,32,genius,positive
3,TRUE,32,bait,negative
3,TRUE,32,master,positive
3,TRUE,32,deception,negative
3,TRUE,32,leading,positive
3,TRUE,32,downfall,negative
3,TRUE,32,stupid,negative
3,TRUE,32,pretty,positive
3,TRUE,32,deceptive,negative
3,TRUE,32,fun,positive
3,TRUE,32,bait,negative
3,TRUE,32,prefer,positive
3,TRUE,32,prison,negative
3,TRUE,32,sad,negative
3,TRUE,32,dumb,negative
3,TRUE,32,death,negative
3,TRUE,32,prison,negative
3,TRUE,34,awesome,positive
3,TRUE,34,issues,negative
3,TRUE,34,pure,positive
3,TRUE,34,joy,positive
3,TRUE,35,arrogant,negative
3,TRUE,35,defeated,positive
3,TRUE,35,unnecessary,negative
3,TRUE,36,enjoyed,positive
3,TRUE,36,suicide,negative
3,TRUE,37,defeat,positive
3,TRUE,38,lost,negative
3,TRUE,40,deformed,negative
3,TRUE,40,impressed,positive
3,TRUE,40,amazing,positive
3,TRUE,40,gold,positive
3,TRUE,41,died,negative
3,TRUE,41,dead,negative
3,TRUE,41,died,negative
3,TRUE,41,primitive,negative
3,TRUE,42,bother,negative
3,TRUE,42,correct,positive
3,TRUE,42,wrong,negative
3,TRUE,42,fuck,negative
3,TRUE,42,wrath,negative
3,TRUE,43,hating,negative
3,TRUE,43,corrupting,negative
3,TRUE,43,slowly,negative
3,TRUE,44,love,positive
3,TRUE,44,enjoyed,positive
3,TRUE,44,favorite,positive
3,TRUE,44,precisely,positive
3,TRUE,44,strangely,negative
3,TRUE,44,master,positive
3,TRUE,44,master,positive
3,TRUE,44,nice,positive
3,TRUE,44,oddly,negative
3,TRUE,44,ridiculous,negative
3,TRUE,44,complain,negative
3,TRUE,44,awesome,positive
3,TRUE,44,tension,negative
3,TRUE,44,tense,negative
3,TRUE,44,exciting,positive
3,TRUE,44,loved,positive
3,TRUE,44,pretty,positive
3,TRUE,44,integrated,positive
3,TRUE,44,spotty,negative
3,TRUE,44,creative,positive
3,TRUE,44,worse,negative
3,TRUE,45,funny,negative
3,TRUE,45,funny,negative
3,TRUE,45,died,negative
3,TRUE,45,isolation,negative
3,TRUE,45,fall,negative
3,TRUE,45,issues,negative
3,TRUE,45,leading,positive
3,TRUE,45,fall,negative
3,TRUE,45,progressive,positive
3,TRUE,45,corruption,negative
3,TRUE,45,oppressive,negative
3,TRUE,45,conflict,negative
3,TRUE,45,downfall,negative
3,TRUE,45,doubt,negative
3,TRUE,45,mess,negative
3,TRUE,45,fall,negative
3,TRUE,46,beautiful,positive
3,TRUE,46,wonderful,positive
3,TRUE,47,articulate,positive
3,TRUE,47,love,positive
3,TRUE,48,crazy,negative
3,TRUE,48,awesome,positive
3,TRUE,49,plot,negative
4,TRUE,1,loud,negative
4,TRUE,2,criticism,negative
4,TRUE,2,lost,negative
4,TRUE,2,fun,positive
4,TRUE,2,enjoying,positive
4,TRUE,2,enjoy,positive
4,TRUE,2,concerns,negative
4,TRUE,2,faithfulness,positive
4,TRUE,2,enjoy,positive
4,TRUE,2,love,positive
4,TRUE,3,zealot,negative
4,TRUE,3,courtly,positive
4,TRUE,3,woeful,negative
4,TRUE,3,misrepresentation,negative
4,TRUE,3,frustrating,negative
4,TRUE,4,perfect,positive
4,TRUE,4,envious,positive
4,TRUE,4,envious,negative
4,TRUE,4,heaven,positive
4,TRUE,5,cracks,negative
4,TRUE,5,annoy,negative
4,TRUE,5,hell,negative
4,TRUE,5,scary,negative
4,TRUE,5,fall,negative
4,TRUE,5,incompetent,negative
4,TRUE,5,lazy,negative
4,TRUE,5,unconvincing,negative
4,TRUE,5,randomly,negative
4,TRUE,5,weird,negative
4,TRUE,5,manipulate,negative
4,TRUE,5,petty,negative
4,TRUE,5,fuck,negative
4,TRUE,5,bad,negative
4,TRUE,5,silly,negative
4,TRUE,5,believable,positive
4,TRUE,5,strange,negative
4,TRUE,5,wrong,negative
4,TRUE,5,wrong,negative
4,TRUE,5,ridiculous,negative
4,TRUE,5,bad,negative
4,TRUE,5,fine,positive
4,TRUE,5,insane,negative
4,TRUE,5,incredible,positive
4,TRUE,5,agility,positive
4,TRUE,5,slow,negative
4,TRUE,5,lazy,negative
4,TRUE,5,contradict,negative
4,TRUE,5,enjoy,positive
4,TRUE,7,lame,negative
4,TRUE,7,shit,negative
4,TRUE,7,worst,negative
4,TRUE,7,pretty,positive
4,TRUE,8,apocalypse,negative
4,TRUE,8,wild,negative
4,TRUE,8,heaven,positive
4,TRUE,8,fell,negative
4,TRUE,8,freedoms,positive
4,TRUE,8,freedoms,positive
4,TRUE,9,terrible,negative
4,TRUE,9,downfall,negative
4,TRUE,9,openly,positive
4,TRUE,9,respect,positive
4,TRUE,9,skill,positive
4,TRUE,9,petty,negative
4,TRUE,9,stranger,negative
4,TRUE,9,easier,positive
4,TRUE,9,garbage,negative
4,TRUE,9,spew,negative
4,TRUE,9,faithful,positive
4,TRUE,9,hard,negative
4,TRUE,9,influential,positive
4,TRUE,9,colorful,positive
4,TRUE,9,archaic,negative
4,TRUE,9,ruins,negative
4,TRUE,9,diligent,positive
4,TRUE,9,mystery,negative
4,TRUE,9,bumping,negative
4,TRUE,9,romantic,positive
4,TRUE,9,complained,negative
4,TRUE,9,intelligent,positive
4,TRUE,9,decline,negative
4,TRUE,9,fall,negative
4,TRUE,9,slow,negative
4,TRUE,9,sickness,negative
4,TRUE,9,decline,negative
4,TRUE,9,sorrow,negative
4,TRUE,9,cry,negative
4,TRUE,9,lying,negative
4,TRUE,9,death,negative
4,TRUE,9,weird,negative
4,TRUE,9,lost,negative
4,TRUE,9,notably,positive
4,TRUE,9,leading,positive
4,TRUE,9,support,positive
4,TRUE,9,abrupt,negative
4,TRUE,9,tension,negative
4,TRUE,9,falling,negative
4,TRUE,9,fast,positive
4,TRUE,11,arrogance,negative
4,TRUE,11,eagerness,positive
4,TRUE,11,baffling,negative
4,TRUE,11,reasonable,positive
4,TRUE,11,arrogant,negative
4,TRUE,11,hard,negative
4,TRUE,12,enjoyed,positive
4,TRUE,12,irritate,negative
4,TRUE,12,disappointment,negative
4,TRUE,12,lack,negative
4,TRUE,12,beggar,negative
4,TRUE,12,maturity,positive
4,TRUE,12,frustrating,negative
4,TRUE,12,rude,negative
4,TRUE,12,ineffectual,negative
4,TRUE,12,engaging,positive
4,TRUE,12,fans,positive
4,TRUE,12,slow,negative
4,TRUE,12,unclear,negative
4,TRUE,12,nice,positive
4,TRUE,12,plot,negative
4,TRUE,12,engaging,positive
4,TRUE,12,mystery,negative
4,TRUE,12,unclear,negative
4,TRUE,12,prejudice,negative
4,TRUE,12,weak,negative
4,TRUE,12,fear,negative
4,TRUE,12,unbelievable,negative
4,TRUE,12,jealousy,negative
4,TRUE,13,wrath,negative
4,TRUE,13,conflicting,negative
4,TRUE,15,stunningly,positive
4,TRUE,15,fast,positive
4,TRUE,15,proud,positive
4,TRUE,15,punish,negative
4,TRUE,15,proud,positive
4,TRUE,15,crushed,negative
4,TRUE,15,lead,positive
4,TRUE,15,destruction,negative
4,TRUE,15,weakness,negative
4,TRUE,15,success,positive
4,TRUE,15,superior,positive
4,TRUE,16,lost,negative
4,TRUE,16,hell,negative
4,TRUE,17,killed,negative
4,TRUE,17,lost,negative
4,TRUE,17,death,negative
4,TRUE,17,pretty,positive
4,TRUE,17,burn,negative
4,TRUE,17,falling,negative
4,TRUE,17,striking,positive
4,TRUE,17,falling,negative
4,TRUE,18,enjoyed,positive
4,TRUE,18,death,negative
4,TRUE,18,ruin,negative
4,TRUE,18,flees,negative
4,TRUE,18,fantastic,positive
4,TRUE,18,wonderfully,positive
4,TRUE,18,appreciated,positive
4,TRUE,18,significant,positive
4,TRUE,18,betrayal,negative
4,TRUE,18,plot,negative
4,TRUE,18,hate,negative
4,TRUE,18,hate,negative
4,TRUE,18,resent,negative
4,TRUE,18,hate,negative
4,TRUE,18,contempt,negative
4,TRUE,18,mistrust,negative
4,TRUE,18,mystery,negative
4,TRUE,18,stranger,negative
4,TRUE,18,stranger,negative
4,TRUE,18,nervous,negative
4,TRUE,18,fantastic,positive
4,TRUE,18,goofy,negative
4,TRUE,18,concerned,negative
4,TRUE,18,lack,negative
4,TRUE,19,dreadfully,negative
4,TRUE,19,bored,negative
4,TRUE,19,worst,negative
4,TRUE,19,pretty,positive
4,TRUE,19,fun,positive
4,TRUE,19,charismatic,positive
4,TRUE,20,fair,positive
4,TRUE,21,odd,negative
4,TRUE,21,sore,negative
4,TRUE,21,muddy,negative
4,TRUE,21,tops,positive
4,TRUE,21,complaining,negative
4,TRUE,21,attractive,positive
4,TRUE,21,odd,negative
4,TRUE,23,dumb,negative
4,TRUE,23,wrong,negative
4,TRUE,23,bane,negative
4,TRUE,23,super,positive
4,TRUE,23,mysterious,negative
4,TRUE,23,pretty,positive
4,TRUE,23,tired,negative
4,TRUE,23,stranger,negative
4,TRUE,23,smile,positive
4,TRUE,23,happiness,positive
4,TRUE,24,dark,negative
4,TRUE,24,properly,positive
4,TRUE,24,evil,negative
4,TRUE,24,struggle,negative
4,TRUE,25,stranger,negative
4,TRUE,25,pale,negative
4,TRUE,25,stunt,negative
4,TRUE,25,foolish,negative
4,TRUE,25,childish,negative
4,TRUE,25,cool,positive
4,TRUE,25,grumpy,negative
4,TRUE,25,dangerous,negative
4,TRUE,25,unpopular,negative
4,TRUE,25,dislike,negative
4,TRUE,25,poor,negative
4,TRUE,25,destitute,negative
4,TRUE,25,steal,negative
4,TRUE,26,concern,negative
4,TRUE,26,incredibly,positive
4,TRUE,26,bad,negative
4,TRUE,26,cringe,negative
4,TRUE,26,worst,negative
4,TRUE,26,cool,positive
4,TRUE,26,convincing,positive
4,TRUE,26,bad,negative
4,TRUE,26,beautiful,positive
4,TRUE,27,vice,negative
4,TRUE,27,death,negative
4,TRUE,27,loss,negative
4,TRUE,27,faithful,positive
4,TRUE,27,reverence,positive
4,TRUE,27,appalling,negative
4,TRUE,27,affront,negative
4,TRUE,27,traumatic,negative
4,TRUE,27,unresolved,negative
4,TRUE,27,issues,negative
4,TRUE,27,lead,positive
4,TRUE,27,nice,positive
4,TRUE,28,bum,negative
4,TRUE,28,slow,negative
4,TRUE,29,doubts,negative
4,TRUE,29,evil,negative
4,TRUE,29,die,negative
4,TRUE,29,burn,negative
4,TRUE,30,leaks,negative
4,TRUE,30,hates,negative
4,TRUE,30,lie,negative
4,TRUE,30,collapse,negative
4,TRUE,30,horrible,negative
4,TRUE,30,pain,negative
4,TRUE,30,lurking,negative
4,TRUE,30,bad,negative
4,TRUE,30,defeat,positive
4,TRUE,30,evil,negative
4,TRUE,30,hating,negative
4,TRUE,30,scary,negative
4,TRUE,30,corrupt,negative
4,TRUE,31,fuck,negative
4,TRUE,31,fucking,negative
4,TRUE,31,shit,negative
4,TRUE,31,awful,negative
4,TRUE,31,shit,negative
4,TRUE,33,weird,negative
4,TRUE,33,doomed,negative
4,TRUE,33,sorrow,negative
4,TRUE,33,shit,negative
4,TRUE,33,failing,negative
4,TRUE,33,destroy,negative
4,TRUE,33,dying,negative
4,TRUE,33,losing,negative
4,TRUE,33,death,negative
4,TRUE,33,losing,negative
4,TRUE,34,energetic,positive
4,TRUE,34,dynamic,positive
4,TRUE,34,defy,negative
4,TRUE,34,powerful,positive
4,TRUE,34,dynamic,positive
4,TRUE,34,impatient,negative
4,TRUE,34,bashing,negative
4,TRUE,34,lying,negative
4,TRUE,34,cocky,negative
4,TRUE,34,glory,positive
4,TRUE,34,popular,positive
4,TRUE,34,soft,positive
4,TRUE,34,weak,negative
4,TRUE,34,humility,positive
4,TRUE,35,corrupted,negative
4,TRUE,35,pretty,positive
4,TRUE,35,balanced,positive
4,TRUE,35,benefit,positive
4,TRUE,35,doubt,negative
4,TRUE,36,jerk,negative
4,TRUE,36,prison,negative
4,TRUE,36,arrogant,negative
4,TRUE,36,lost,negative
4,TRUE,36,sinking,negative
4,TRUE,36,breaking,negative
4,TRUE,36,sinking,negative
4,TRUE,36,conceded,negative
4,TRUE,36,sink,negative
4,TRUE,36,threat,negative
4,TRUE,36,sink,negative
4,TRUE,36,pretty,positive
4,TRUE,36,nice,positive
4,TRUE,36,evil,negative
4,TRUE,36,torment,negative
4,TRUE,36,die,negative
4,TRUE,36,dying,negative
4,TRUE,36,geezer,negative
4,TRUE,36,free,positive
4,TRUE,37,super,positive
4,TRUE,37,cool,positive
4,TRUE,37,love,positive
4,TRUE,37,enemies,negative
4,TRUE,38,shocking,negative
4,TRUE,39,worried,negative
4,TRUE,39,adversary,negative
4,TRUE,39,defeated,positive
4,TRUE,39,killing,negative
4,TRUE,39,blow,negative
4,TRUE,39,kills,negative
4,TRUE,40,unfinished,negative
4,TRUE,40,hostage,negative
4,TRUE,40,conflict,negative
4,TRUE,40,fear,negative
4,TRUE,40,fast,positive
4,TRUE,40,corrupted,negative
4,TRUE,40,plot,negative
4,TRUE,40,sack,negative
4,TRUE,40,weird,negative
4,TRUE,40,weird,negative
4,TRUE,40,openly,positive
4,TRUE,40,fall,negative
4,TRUE,40,pretty,positive
4,TRUE,40,stall,negative
4,TRUE,40,progress,positive
4,TRUE,41,mess,negative
4,TRUE,41,drunk,negative
4,TRUE,41,chaos,negative
4,TRUE,41,weird,negative
4,TRUE,41,calmness,positive
4,TRUE,41,comfortable,positive
4,TRUE,41,rollercoaster,negative
4,TRUE,41,bored,negative
4,TRUE,41,bad,negative
4,TRUE,41,messy,negative
4,TRUE,43,burn,negative
4,TRUE,44,corrupted,negative
4,TRUE,45,hard,negative
4,TRUE,45,glad,positive
4,TRUE,45,loved,positive
4,TRUE,45,faithful,positive
4,TRUE,45,disliked,negative
4,TRUE,45,corrupted,negative
4,TRUE,45,wrong,negative
4,TRUE,45,rewarding,positive
4,TRUE,45,loyal,positive
4,TRUE,45,reward,positive
4,TRUE,45,evil,negative
4,TRUE,45,purposeful,positive
4,TRUE,45,flaw,negative
4,TRUE,45,lose,negative
4,TRUE,45,flaw,negative
4,TRUE,45,dislike,negative
4,TRUE,45,corrupted,negative
4,TRUE,45,crumbling,negative
4,TRUE,45,faith,positive
4,TRUE,45,lose,negative
4,TRUE,45,beautiful,positive
4,TRUE,45,beautiful,positive
4,TRUE,45,wrong,negative
4,TRUE,45,glad,positive
4,TRUE,45,stranger,negative
4,TRUE,45,super,positive
4,TRUE,46,evil,negative
4,TRUE,46,geezer,negative
4,TRUE,46,evil,negative
4,TRUE,46,geezer,negative
4,TRUE,46,stole,negative
4,TRUE,46,steal,negative
4,TRUE,46,friendly,positive
4,TRUE,46,unable,negative
4,TRUE,46,restored,positive
4,TRUE,46,glory,positive
4,TRUE,46,annihilate,negative
4,TRUE,46,gimmick,negative
4,TRUE,47,ugly,negative
4,TRUE,47,solid,positive
4,TRUE,47,pretty,positive
4,TRUE,48,pretty,positive
4,TRUE,48,excited,positive
5,TRUE,1,weak,negative
5,TRUE,1,die,negative
5,TRUE,1,darkness,negative
5,TRUE,2,die,negative
5,TRUE,2,shiny,positive
5,TRUE,3,breaking,negative
5,TRUE,3,love,positive
5,TRUE,3,liar,negative
5,TRUE,3,horrified,negative
5,TRUE,3,kill,negative
5,TRUE,4,controversy,negative
5,TRUE,4,hard,negative
5,TRUE,4,appreciated,positive
5,TRUE,4,trashed,negative
5,TRUE,4,sick,negative
5,TRUE,4,die,negative
5,TRUE,4,slow,negative
5,TRUE,5,marvel,positive
5,TRUE,5,crap,negative
5,TRUE,6,strange,negative
5,TRUE,6,struck,negative
5,TRUE,6,fall,negative
5,TRUE,6,bane,negative
5,TRUE,6,pretty,positive
5,TRUE,6,fiery,positive
5,TRUE,6,incorrect,negative
5,TRUE,6,fell,negative
5,TRUE,6,cool,positive
5,TRUE,6,fear,negative
5,TRUE,6,wrong,negative
5,TRUE,6,struck,negative
5,TRUE,6,bizarre,negative
5,TRUE,6,poorly,negative
5,TRUE,6,conflict,negative
5,TRUE,6,pure,positive
5,TRUE,6,strong,positive
5,TRUE,6,unyielding,negative
5,TRUE,6,evil,negative
5,TRUE,6,evil,negative
5,TRUE,6,lies,negative
5,TRUE,6,evil,negative
5,TRUE,6,evil,negative
5,TRUE,6,shunned,negative
5,TRUE,6,complement,positive
5,TRUE,7,plot,negative
5,TRUE,7,pretty,positive
5,TRUE,7,doom,negative
5,TRUE,7,evil,negative
5,TRUE,7,crap,negative
5,TRUE,7,evil,negative
5,TRUE,7,magic,positive
5,TRUE,7,insufferable,negative
5,TRUE,7,conflict,negative
5,TRUE,7,conflict,negative
5,TRUE,7,sad,negative
5,TRUE,7,confused,negative
5,TRUE,7,smoke,negative
5,TRUE,7,weed,negative
5,TRUE,8,loved,positive
5,TRUE,8,loved,positive
5,TRUE,8,solemn,negative
5,TRUE,8,emptiness,negative
5,TRUE,8,loved,positive
5,TRUE,8,incredibly,positive
5,TRUE,8,beautiful,positive
5,TRUE,8,popular,positive
5,TRUE,8,stranger,negative
5,TRUE,8,enjoyed,positive
5,TRUE,8,humor,positive
5,TRUE,8,fresh,positive
5,TRUE,8,stiffness,negative
5,TRUE,8,irks,negative
5,TRUE,8,disliked,negative
5,TRUE,8,divine,positive
5,TRUE,8,destruction,negative
5,TRUE,8,slow,negative
5,TRUE,8,slowed,negative
5,TRUE,8,goofy,negative
5,TRUE,8,top,positive
5,TRUE,8,tired,negative
5,TRUE,8,imposing,negative
5,TRUE,8,magical,positive
5,TRUE,8,insane,negative
5,TRUE,9,enjoy,positive
5,TRUE,9,badly,negative
5,TRUE,9,incredibly,positive
5,TRUE,9,slow,negative
5,TRUE,9,crazy,negative
5,TRUE,9,prison,negative
5,TRUE,10,bullshit,negative
5,TRUE,10,damn,negative
5,TRUE,11,sad,negative
5,TRUE,11,favorite,positive
5,TRUE,11,splendor,positive
5,TRUE,11,fiction,negative
5,TRUE,11,respect,positive
5,TRUE,12,wrong,negative
5,TRUE,12,fails,negative
5,TRUE,12,strong,positive
5,TRUE,12,fell,negative
5,TRUE,12,killing,negative
5,TRUE,13,happy,positive
5,TRUE,13,meaningless,negative
5,TRUE,13,contrived,negative
5,TRUE,13,conflicts,negative
5,TRUE,13,shallow,negative
5,TRUE,13,impressed,positive
5,TRUE,13,promising,positive
5,TRUE,13,worst,negative
5,TRUE,13,bad,negative
5,TRUE,14,shit,negative
5,TRUE,14,loves,positive
5,TRUE,14,outsider,negative
5,TRUE,14,stealing,negative
5,TRUE,14,badly,negative
5,TRUE,16,hate,negative
5,TRUE,19,deviation,negative
5,TRUE,19,die,negative
5,TRUE,19,funny,negative
5,TRUE,19,breaking,negative
5,TRUE,19,die,negative
5,TRUE,19,pretty,positive
5,TRUE,19,fine,positive
5,TRUE,19,lies,negative
5,TRUE,19,plot,negative
5,TRUE,19,lie,negative
5,TRUE,19,stupid,negative
5,TRUE,19,myth,negative
5,TRUE,20,breaking,negative
5,TRUE,20,defeat,positive
5,TRUE,21,dumb,negative
5,TRUE,21,slow,negative
5,TRUE,21,boring,negative
5,TRUE,22,fuck,negative
5,TRUE,22,wasting,negative
5,TRUE,23,appreciated,positive
5,TRUE,23,articulate,positive
5,TRUE,23,falling,negative
5,TRUE,23,engaging,positive
5,TRUE,23,mediocrity,negative
5,TRUE,23,engaging,positive
5,TRUE,24,plot,negative
5,TRUE,24,bother,negative
5,TRUE,24,poorly,negative
5,TRUE,24,plot,negative
5,TRUE,24,tedious,negative
5,TRUE,24,clever,positive
5,TRUE,24,concerned,negative
5,TRUE,25,hard,negative
5,TRUE,25,mislead,negative
5,TRUE,25,damage,negative
5,TRUE,25,taint,negative
5,TRUE,25,slow,negative
5,TRUE,25,pretty,positive
5,TRUE,25,reasonable,positive
5,TRUE,25,slow,negative
5,TRUE,25,plot,negative
5,TRUE,25,precisely,positive
5,TRUE,25,controversial,negative
5,TRUE,26,stranger,negative
5,TRUE,26,remorse,negative
5,TRUE,26,lost,negative
5,TRUE,26,pure,positive
5,TRUE,26,lost,negative
5,TRUE,26,popular,positive
5,TRUE,26,odd,negative
5,TRUE,26,stole,negative
5,TRUE,26,weird,negative
5,TRUE,26,openly,positive
5,TRUE,26,cure,positive
5,TRUE,26,honor,positive
5,TRUE,26,encouraging,positive
5,TRUE,26,revelation,positive
5,TRUE,26,dishonest,negative
5,TRUE,26,manipulative,negative
5,TRUE,26,smart,positive
5,TRUE,26,weird,negative
5,TRUE,26,hung,negative
5,TRUE,26,bizarre,negative
5,TRUE,26,splendor,positive
5,TRUE,28,led,positive
5,TRUE,28,stupid,negative
5,TRUE,28,merit,positive
5,TRUE,29,stuck,negative
5,TRUE,29,death,negative
5,TRUE,29,corruption,negative
5,TRUE,30,bothers,negative
5,TRUE,30,cheap,negative
5,TRUE,30,fucking,negative
5,TRUE,30,bad,negative
5,TRUE,30,shallow,negative
5,TRUE,31,fuck,negative
5,TRUE,31,fuck,negative
5,TRUE,31,fucking,negative
5,TRUE,31,bad,negative
5,TRUE,32,missed,negative
5,TRUE,33,lost,negative
5,TRUE,33,nice,positive
5,TRUE,33,loss,negative
5,TRUE,33,stupid,negative
5,TRUE,33,stupid,negative
5,TRUE,34,loud,negative
5,TRUE,35,enjoy,positive
5,TRUE,36,plot,negative
5,TRUE,36,plot,negative
5,TRUE,36,guidance,positive
5,TRUE,36,lost,negative
5,TRUE,36,doubt,negative
5,TRUE,36,cure,positive
5,TRUE,36,bane,negative
5,TRUE,37,gorgeous,positive
5,TRUE,37,pure,positive
5,TRUE,39,evil,negative
5,TRUE,39,conveniently,positive
5,TRUE,41,worst,negative
5,TRUE,41,disappointing,negative
5,TRUE,42,hell,negative
5,TRUE,43,enjoying,positive
5,TRUE,43,positives,positive
5,TRUE,43,confusing,negative
5,TRUE,43,bad,negative
5,TRUE,43,unnecessary,negative
5,TRUE,43,slow,negative
5,TRUE,43,plot,negative
5,TRUE,43,lie,negative
5,TRUE,43,master,positive
5,TRUE,43,fears,negative
5,TRUE,43,master,positive
5,TRUE,43,stunning,positive
5,TRUE,43,creative,positive
5,TRUE,43,beautiful,positive
5,TRUE,43,faithful,positive
5,TRUE,43,downfall,negative
5,TRUE,44,hard,negative
5,TRUE,44,enjoy,positive
5,TRUE,44,love,positive
5,TRUE,44,tedious,negative
5,TRUE,44,death,negative
5,TRUE,44,excessively,negative
5,TRUE,44,stranger,negative
5,TRUE,44,excruciatingly,negative
5,TRUE,44,slow,negative
5,TRUE,44,tension,negative
5,TRUE,44,lost,negative
5,TRUE,44,stranger,negative
5,TRUE,44,magic,positive
5,TRUE,44,significant,positive
5,TRUE,44,difficult,negative
5,TRUE,44,dreadful,negative
5,TRUE,45,damn,negative
5,TRUE,45,contrived,negative
5,TRUE,45,painful,negative
5,TRUE,46,correctly,positive
5,TRUE,47,fallen,negative
5,TRUE,48,meaningless,negative
5,TRUE,48,slow,negative
5,TRUE,48,killing,negative
5,TRUE,48,slow,negative
5,TRUE,48,bad,negative
5,TRUE,49,top,positive
5,TRUE,49,strike,negative
5,TRUE,49,fucking,negative
5,TRUE,49,bad,negative
5,TRUE,50,delay,negative
6,TRUE,1,jerk,negative
6,TRUE,2,evil,negative
6,TRUE,3,humility,positive
6,TRUE,3,proud,positive
6,TRUE,3,led,positive
6,TRUE,3,ruin,negative
6,TRUE,3,irony,negative
6,TRUE,7,romantic,positive
6,TRUE,7,hate,negative
6,TRUE,11,fucking,negative
6,TRUE,13,loved,positive
6,TRUE,13,doom,negative
6,TRUE,13,issue,negative
6,TRUE,13,likes,positive
6,TRUE,13,loves,positive
6,TRUE,13,deceit,negative
6,TRUE,13,sorrow,negative
6,TRUE,13,falling,negative
6,TRUE,13,love,positive
6,TRUE,14,strike,negative
6,TRUE,14,flee,negative
6,TRUE,14,hate,negative
6,TRUE,16,hater,negative
6,TRUE,18,loves,positive
6,TRUE,18,appreciated,positive
6,TRUE,18,violent,negative
6,TRUE,18,bomb,negative
6,TRUE,18,melodramatic,negative
6,TRUE,18,dense,negative
6,TRUE,18,turbulent,negative
6,TRUE,18,hot,positive
6,TRUE,18,smother,negative
6,TRUE,18,glow,positive
6,TRUE,18,glowing,positive
6,TRUE,18,cloud,negative
6,TRUE,18,missed,negative
6,TRUE,18,cloud,negative
6,TRUE,18,accurate,positive
6,TRUE,18,cloud,negative
6,TRUE,18,fertile,positive
6,TRUE,18,spoiled,negative
6,TRUE,18,cool,positive
6,TRUE,18,enjoy,positive
6,TRUE,18,enjoying,positive
6,TRUE,18,weird,negative
6,TRUE,18,doom,negative
6,TRUE,18,depression,negative
6,TRUE,18,faults,negative
6,TRUE,19,stunt,negative
6,TRUE,20,worst,negative
6,TRUE,20,object,negative
6,TRUE,20,stab,negative
6,TRUE,21,haters,negative
6,TRUE,21,doom,negative
6,TRUE,21,friggin,negative
6,TRUE,21,cool,positive
6,TRUE,21,heck,negative
6,TRUE,22,defeat,positive
6,TRUE,22,ruined,negative
6,TRUE,22,perfect,positive
6,TRUE,22,dark,negative
6,TRUE,22,killed,negative
6,TRUE,23,love,positive
6,TRUE,23,love,positive
6,TRUE,23,haters,negative
6,TRUE,23,scream,negative
6,TRUE,23,bad,negative
6,TRUE,23,shit,negative
6,TRUE,23,loving,positive
6,TRUE,23,cracks,negative
6,TRUE,23,doom,negative
6,TRUE,23,negativity,negative
6,TRUE,24,struggling,negative
6,TRUE,24,glad,positive
6,TRUE,25,suspect,negative
6,TRUE,25,hasty,negative
6,TRUE,25,silly,negative
6,TRUE,25,top,positive
6,TRUE,25,ease,positive
6,TRUE,26,plot,negative
6,TRUE,26,corrupt,negative
6,TRUE,26,excellent,positive
6,TRUE,26,disappointing,negative
6,TRUE,26,inconsequential,negative
6,TRUE,27,fabrication,negative
6,TRUE,28,enraged,negative
6,TRUE,28,bothered,negative
6,TRUE,28,plot,negative
6,TRUE,28,panic,negative
6,TRUE,28,instantly,positive
6,TRUE,28,successful,positive
6,TRUE,28,cheap,negative
6,TRUE,28,steal,negative
6,TRUE,28,corrupted,negative
6,TRUE,28,boring,negative
6,TRUE,28,hero,positive
6,TRUE,29,protect,positive
6,TRUE,29,attack,negative
6,TRUE,29,powerful,positive
6,TRUE,29,evil,negative
6,TRUE,29,helping,positive
6,TRUE,29,warning,negative
6,TRUE,29,evil,negative
6,TRUE,30,scary,negative
6,TRUE,30,shit,negative
6,TRUE,31,enjoyed,positive
6,TRUE,31,realistic,positive
6,TRUE,31,inept,negative
6,TRUE,31,advantage,positive
6,TRUE,31,hates,negative
6,TRUE,31,kill,negative
6,TRUE,31,waste,negative
6,TRUE,31,repel,negative
6,TRUE,31,retreat,negative
6,TRUE,31,dead,negative
6,TRUE,31,protection,positive
6,TRUE,31,enemy,negative
6,TRUE,32,insane,negative
6,TRUE,33,fall,negative
6,TRUE,33,troublemaker,negative
6,TRUE,34,enjoying,positive
6,TRUE,34,disbelief,negative
6,TRUE,34,doom,negative
6,TRUE,34,easier,positive
6,TRUE,34,doom,negative
6,TRUE,34,issue,negative
6,TRUE,34,unfortunate,negative
6,TRUE,34,loved,positive
6,TRUE,35,nitpick,negative
6,TRUE,35,unnecessary,negative
6,TRUE,35,bothered,negative
6,TRUE,36,falls,negative
6,TRUE,37,remarkable,positive
6,TRUE,37,plot,negative
6,TRUE,37,complaints,negative
6,TRUE,37,suffered,negative
6,TRUE,37,nice,positive
6,TRUE,37,nice,positive
6,TRUE,37,beauty,positive
6,TRUE,37,falling,negative
6,TRUE,37,fallen,negative
6,TRUE,37,momentous,positive
6,TRUE,37,strong,positive
6,TRUE,37,objections,negative
6,TRUE,37,glad,positive
6,TRUE,37,standout,positive
6,TRUE,37,odd,negative
6,TRUE,37,threatening,negative
6,TRUE,37,torture,negative
6,TRUE,37,mercy,positive
6,TRUE,37,nice,positive
6,TRUE,37,raging,negative
6,TRUE,37,chaos,negative
6,TRUE,37,defeated,positive
6,TRUE,37,madness,negative
6,TRUE,37,virtue,positive
6,TRUE,37,fall,negative
6,TRUE,37,relapse,negative
6,TRUE,37,loved,positive
6,TRUE,37,disliked,negative
6,TRUE,37,confusion,negative
6,TRUE,37,wasteful,negative
6,TRUE,37,friction,negative
6,TRUE,37,promised,positive
6,TRUE,37,promised,positive
6,TRUE,37,missed,negative
6,TRUE,37,abrupt,negative
6,TRUE,37,slow,negative
6,TRUE,37,rumor,negative
6,TRUE,37,ready,positive
6,TRUE,37,ready,positive
6,TRUE,37,significant,positive
6,TRUE,37,cataclysmic,negative
6,TRUE,38,doom,negative
6,TRUE,38,concern,negative
6,TRUE,38,happy,positive
6,TRUE,38,weird,negative
6,TRUE,38,unexplained,negative
6,TRUE,38,struck,negative
6,TRUE,38,lie,negative
6,TRUE,40,bad,negative
6,TRUE,40,poor,negative
6,TRUE,40,plot,negative
6,TRUE,40,plot,negative
6,TRUE,40,fast,positive
6,TRUE,40,precise,positive
6,TRUE,40,timely,positive
6,TRUE,40,lazy,negative
6,TRUE,40,contrived,negative
6,TRUE,40,master,positive
6,TRUE,40,free,positive
6,TRUE,40,bother,negative
6,TRUE,40,break,negative
6,TRUE,40,plot,negative
6,TRUE,40,contrived,negative
6,TRUE,41,easy,positive
6,TRUE,41,miss,negative
6,TRUE,42,lackluster,negative
6,TRUE,42,fell,negative
6,TRUE,42,devastating,negative
6,TRUE,42,suffered,negative
6,TRUE,42,enjoyed,positive
6,TRUE,42,amazing,positive
6,TRUE,42,excited,positive
6,TRUE,42,fall,negative
6,TRUE,42,disappointed,negative
6,TRUE,42,amazing,positive
6,TRUE,42,myth,negative
6,TRUE,42,cool,positive
6,TRUE,43,fall,negative
6,TRUE,43,flee,negative
6,TRUE,43,fleeing,negative
6,TRUE,43,conveniently,positive
6,TRUE,43,struggle,negative
6,TRUE,43,win,positive
6,TRUE,43,nice,positive
6,TRUE,44,doom,negative
6,TRUE,44,holy,positive
6,TRUE,44,shit,negative
6,TRUE,45,enjoyed,positive
6,TRUE,45,deserving,positive
6,TRUE,45,correct,positive
6,TRUE,45,loved,positive
6,TRUE,45,complained,negative
6,TRUE,45,slow,negative
6,TRUE,45,issue,negative
6,TRUE,45,slow,negative
6,TRUE,45,enjoyable,positive
6,TRUE,45,convenient,positive
6,TRUE,45,weird,negative
6,TRUE,45,issue,negative
6,TRUE,45,odd,negative
6,TRUE,45,restless,negative
6,TRUE,45,restless,negative
6,TRUE,45,odd,negative
6,TRUE,45,glad,positive
6,TRUE,45,bothered,negative
6,TRUE,45,nonsense,negative
6,TRUE,45,stupid,negative
6,TRUE,45,tension,negative
6,TRUE,45,enjoy,positive
6,TRUE,45,dislike,negative
6,TRUE,45,despise,negative
6,TRUE,45,humility,positive
6,TRUE,45,proud,positive
6,TRUE,45,led,positive
6,TRUE,45,ruin,negative
6,TRUE,45,consistent,positive
6,TRUE,45,enhance,positive
6,TRUE,45,unnatural,negative
6,TRUE,45,consistent,positive
6,TRUE,45,annoy,negative
6,TRUE,45,issue,negative
6,TRUE,45,bad,negative
6,TRUE,45,bad,negative
6,TRUE,45,issue,negative
6,TRUE,45,genius,positive
6,TRUE,45,consistent,positive
6,TRUE,45,bad,negative
6,TRUE,45,consistent,positive
6,TRUE,45,cartoonish,negative
6,TRUE,45,silly,negative
6,TRUE,45,consistent,positive
6,TRUE,45,bother,negative
6,TRUE,45,wrong,negative
6,TRUE,45,apocalyptic,negative
6,TRUE,45,worst,negative
6,TRUE,45,impressive,positive
6,TRUE,45,happier,positive
6,TRUE,46,corrupting,negative
6,TRUE,46,magical,positive
6,TRUE,46,criticized,negative
6,TRUE,46,plot,negative
6,TRUE,46,controversial,negative
6,TRUE,46,greed,negative
6,TRUE,46,favor,positive
6,TRUE,46,flashy,positive
6,TRUE,48,fuck,negative
6,TRUE,48,honesty,positive
6,TRUE,48,love,positive
6,TRUE,48,magic,positive
6,TRUE,48,boring,negative
6,TRUE,49,flirty,negative
6,TRUE,49,crush,negative
6,TRUE,49,falling,negative
6,TRUE,49,love,positive
6,TRUE,49,remarkable,positive
6,TRUE,50,slaughter,negative
6,TRUE,50,dead,negative
7,TRUE,1,hilarious,positive
7,TRUE,1,dead,negative
7,TRUE,3,plot,negative
7,TRUE,3,deceive,negative
7,TRUE,3,magical,positive
7,TRUE,4,demise,negative
7,TRUE,4,unfriendly,negative
7,TRUE,5,deceiving,negative
7,TRUE,5,kill,negative
7,TRUE,5,mad,negative
7,TRUE,6,precious,positive
7,TRUE,6,odd,negative
7,TRUE,6,corrupted,negative
7,TRUE,7,boring,negative
7,TRUE,7,disappointing,negative
7,TRUE,8,steep,negative
7,TRUE,10,stranger,negative
7,TRUE,10,stranger,negative
7,TRUE,10,suspect,negative
7,TRUE,10,reticent,negative
7,TRUE,10,poetic,positive
7,TRUE,10,goodness,positive
7,TRUE,10,goodness,positive
7,TRUE,10,magical,positive
7,TRUE,10,capable,positive
7,TRUE,10,lie,negative
7,TRUE,10,survival,positive
7,TRUE,10,lean,positive
7,TRUE,10,engaging,positive
7,TRUE,10,false,negative
7,TRUE,10,leads,positive
7,TRUE,10,suspect,negative
7,TRUE,10,dead,negative
7,TRUE,10,dead,negative
7,TRUE,10,nice,positive
7,TRUE,10,favorite,positive
7,TRUE,10,strong,positive
7,TRUE,10,enjoyed,positive
7,TRUE,10,pity,negative
7,TRUE,10,enemies,negative
7,TRUE,10,fall,negative
7,TRUE,10,disliked,negative
7,TRUE,10,pretty,positive
7,TRUE,10,cheesy,negative
7,TRUE,10,glad,positive
7,TRUE,10,drowning,negative
7,TRUE,10,leads,positive
7,TRUE,10,bother,negative
7,TRUE,10,concerned,negative
7,TRUE,10,difficult,negative
7,TRUE,10,bad,negative
7,TRUE,10,unnecessary,negative
7,TRUE,10,fans,positive
7,TRUE,11,ironic,negative
7,TRUE,11,blind,negative
7,TRUE,12,stranger,negative
7,TRUE,12,fall,negative
7,TRUE,12,love,positive
7,TRUE,12,falling,negative
7,TRUE,12,darkness,negative
7,TRUE,12,defeating,positive
7,TRUE,12,darkness,negative
7,TRUE,12,disaster,negative
7,TRUE,13,trust,positive
7,TRUE,14,ugh,negative
7,TRUE,14,terrible,negative
7,TRUE,14,wreck,negative
7,TRUE,14,wound,negative
7,TRUE,14,suspicious,negative
7,TRUE,14,ridiculous,negative
7,TRUE,14,bad,negative
7,TRUE,14,plot,negative
7,TRUE,14,twists,negative
7,TRUE,14,pan,negative
7,TRUE,14,agony,negative
7,TRUE,14,heartless,negative
7,TRUE,14,mistake,negative
7,TRUE,14,tentatively,negative
7,TRUE,14,soft,positive
7,TRUE,14,cry,negative
7,TRUE,14,dead,negative
7,TRUE,14,break,negative
7,TRUE,14,stupid,negative
7,TRUE,14,hell,negative
7,TRUE,14,bad,negative
7,TRUE,14,trust,positive
7,TRUE,14,bad,negative
7,TRUE,14,bad,negative
7,TRUE,14,burn,negative
7,TRUE,14,stranger,negative
7,TRUE,14,holy,positive
7,TRUE,14,cheesy,negative
7,TRUE,14,merry,positive
7,TRUE,14,worse,negative
7,TRUE,14,disastrous,negative
7,TRUE,14,tempting,positive
7,TRUE,14,plot,negative
7,TRUE,14,issue,negative
7,TRUE,14,plot,negative
7,TRUE,15,fuck,negative
7,TRUE,15,miss,negative
7,TRUE,15,evil,negative
7,TRUE,16,disapointed,negative
7,TRUE,16,fans,positive
7,TRUE,16,worried,negative
7,TRUE,16,enjoy,positive
7,TRUE,16,hating,negative
7,TRUE,16,garbage,negative
7,TRUE,16,angry,negative
7,TRUE,16,missed,negative
7,TRUE,17,fucking,negative
7,TRUE,17,dumb,negative
7,TRUE,18,died,negative
7,TRUE,19,death,negative
7,TRUE,19,losing,negative
7,TRUE,19,terribly,negative
7,TRUE,19,hard,negative
7,TRUE,19,grieve,negative
7,TRUE,19,hated,negative
7,TRUE,19,death,negative
7,TRUE,19,dangerous,negative
7,TRUE,19,grief,negative
7,TRUE,20,dead,negative
7,TRUE,20,love,positive
7,TRUE,20,fans,positive
7,TRUE,20,loved,positive
7,TRUE,21,fuck,negative
7,TRUE,21,fine,positive
7,TRUE,21,expensive,negative
7,TRUE,22,miss,negative
7,TRUE,22,dead,negative
7,TRUE,22,hostile,negative
7,TRUE,22,friendly,positive
7,TRUE,23,slow,negative
7,TRUE,23,stranger,negative
7,TRUE,23,unnecessary,negative
7,TRUE,23,love,positive
7,TRUE,23,respect,positive
7,TRUE,24,criticisms,negative
7,TRUE,24,burned,negative
7,TRUE,24,fiery,positive
7,TRUE,24,pretty,positive
7,TRUE,24,hot,positive
7,TRUE,24,disbelief,negative
7,TRUE,24,fine,positive
7,TRUE,24,damage,negative
7,TRUE,24,burned,negative
7,TRUE,24,blow,negative
7,TRUE,25,tops,positive
7,TRUE,26,upset,negative
7,TRUE,26,killed,negative
7,TRUE,26,angry,negative
7,TRUE,26,dead,negative
7,TRUE,27,satisfying,positive
7,TRUE,27,wrath,negative
7,TRUE,27,waste,negative
7,TRUE,27,fairly,positive
7,TRUE,27,breaking,negative
7,TRUE,28,worse,negative
7,TRUE,28,fake,negative
7,TRUE,28,lacks,negative
7,TRUE,29,atrocious,negative
7,TRUE,29,fucking,negative
7,TRUE,29,ridiculous,negative
7,TRUE,29,awful,negative
7,TRUE,29,contradict,negative
7,TRUE,29,hate,negative
7,TRUE,29,sabotage,negative
7,TRUE,29,mistake,negative
7,TRUE,29,stranger,negative
7,TRUE,29,bs,negative
7,TRUE,29,plot,negative
7,TRUE,29,damn,negative
7,TRUE,29,drastically,negative
7,TRUE,30,dead,negative
7,TRUE,30,kill,negative
7,TRUE,30,chill,negative
7,TRUE,31,died,negative
7,TRUE,31,burned,negative
7,TRUE,31,kill,negative
7,TRUE,31,dead,negative
7,TRUE,31,fucking,negative
7,TRUE,31,protect,positive
7,TRUE,32,anxiousness,negative
7,TRUE,32,doubts,negative
7,TRUE,32,fans,positive
7,TRUE,32,enjoy,positive
7,TRUE,32,lost,negative
7,TRUE,32,failed,negative
7,TRUE,32,hated,negative
7,TRUE,32,ludicrous,negative
7,TRUE,32,struck,negative
7,TRUE,32,disliking,negative
7,TRUE,32,suffer,negative
7,TRUE,32,top,positive
7,TRUE,32,obstinate,negative
7,TRUE,32,impressive,positive
7,TRUE,32,worth,positive
7,TRUE,32,itching,negative
7,TRUE,32,mess,negative
7,TRUE,34,plot,negative
7,TRUE,34,breakdown,negative
7,TRUE,34,convoluted,negative
7,TRUE,34,mess,negative
7,TRUE,35,stranger,negative
7,TRUE,35,dangerous,negative
7,TRUE,35,scared,negative
7,TRUE,35,hurt,negative
7,TRUE,35,magic,positive
7,TRUE,36,hollow,negative
7,TRUE,36,instantly,positive
7,TRUE,36,fell,negative
7,TRUE,36,doom,negative
7,TRUE,36,death,negative
7,TRUE,36,destruction,negative
7,TRUE,36,damn,negative
7,TRUE,36,ugly,negative
7,TRUE,36,cave,negative
7,TRUE,36,plot,negative
7,TRUE,36,fake,negative
7,TRUE,37,disliked,negative
7,TRUE,37,trick,negative
7,TRUE,37,sickness,negative
7,TRUE,37,unexplained,negative
7,TRUE,37,worry,negative
7,TRUE,37,tacky,negative
7,TRUE,37,tacky,negative
7,TRUE,37,pointless,negative
7,TRUE,37,suspect,negative
7,TRUE,37,dead,negative
7,TRUE,37,apprehensive,negative
7,TRUE,37,weird,negative
7,TRUE,37,wary,negative
7,TRUE,37,divisive,negative
7,TRUE,37,stranger,negative
7,TRUE,37,terrible,negative
7,TRUE,37,amazing,positive
7,TRUE,37,pessimistic,negative
7,TRUE,37,perfect,positive
7,TRUE,37,slowly,negative
7,TRUE,37,goodness,positive
7,TRUE,37,catastrophically,negative
7,TRUE,37,obsession,positive
7,TRUE,37,ambiguous,negative
7,TRUE,37,terrific,positive
7,TRUE,37,enjoyment,positive
7,TRUE,37,ruined,negative
7,TRUE,37,apprehensively,negative
7,TRUE,38,pure,positive
7,TRUE,38,stubbornness,negative
7,TRUE,38,death,negative
7,TRUE,38,bane,negative
7,TRUE,38,forged,negative
7,TRUE,38,forged,negative
7,TRUE,38,blunder,negative
7,TRUE,38,hell,negative
7,TRUE,38,ignore,negative
7,TRUE,38,ridiculous,negative
7,TRUE,39,kill,negative
7,TRUE,39,jarring,negative
7,TRUE,40,disagree,negative
7,TRUE,40,magic,positive
7,TRUE,41,fast,positive
7,TRUE,41,issues,negative
7,TRUE,41,slow,negative
7,TRUE,41,slow,negative
7,TRUE,41,bland,negative
7,TRUE,42,win,positive
7,TRUE,42,talented,positive
7,TRUE,43,magic,positive
7,TRUE,43,crappy,negative
7,TRUE,44,worse,negative
7,TRUE,45,enjoyable,positive
7,TRUE,45,enjoy,positive
7,TRUE,45,amazing,positive
7,TRUE,45,amazing,positive
7,TRUE,45,solid,positive
7,TRUE,45,fair,positive
7,TRUE,45,pretty,positive
7,TRUE,45,tired,negative
7,TRUE,45,exhausted,negative
7,TRUE,45,crap,negative
7,TRUE,45,nice,positive
7,TRUE,45,evil,negative
7,TRUE,45,uplifting,positive
7,TRUE,45,positive,positive
7,TRUE,45,enjoy,positive
7,TRUE,46,rage,negative
7,TRUE,46,lost,negative
7,TRUE,46,dead,negative
7,TRUE,46,killed,negative
7,TRUE,46,die,negative
7,TRUE,46,died,negative
7,TRUE,46,killing,negative
7,TRUE,46,led,positive
7,TRUE,46,madness,negative
7,TRUE,46,burning,negative
7,TRUE,46,died,negative
7,TRUE,46,downfall,negative
7,TRUE,46,fall,negative
7,TRUE,46,rage,negative
7,TRUE,46,grief,negative
7,TRUE,46,darkness,negative
7,TRUE,46,lacking,negative
7,TRUE,46,wise,positive
7,TRUE,46,honest,positive
7,TRUE,46,pretty,positive
7,TRUE,47,falls,negative
7,TRUE,48,bad,negative
7,TRUE,48,bad,negative
7,TRUE,48,poor,negative
7,TRUE,48,blind,negative
7,TRUE,48,usurp,negative
7,TRUE,49,dead,negative
7,TRUE,50,bane,negative
7,TRUE,50,spoil,negative
2,FALSE,1,offending,negative
2,FALSE,2,love,positive
2,FALSE,2,intense,negative
2,FALSE,3,fine,positive
2,FALSE,3,complaints,negative
2,FALSE,4,enjoyed,positive
2,FALSE,4,sublime,positive
2,FALSE,4,perfect,positive
2,FALSE,4,lost,negative
2,FALSE,4,fine,positive
2,FALSE,5,wow,positive
2,FALSE,5,love,positive
2,FALSE,5,amazing,positive
2,FALSE,5,solid,positive
2,FALSE,5,hated,negative
2,FALSE,5,love,positive
2,FALSE,5,complaint,negative
2,FALSE,5,memorable,positive
2,FALSE,6,gorgeous,positive
2,FALSE,6,talented,positive
2,FALSE,7,haters,negative
2,FALSE,7,wrong,negative
2,FALSE,7,terrible,negative
2,FALSE,7,worthy,positive
2,FALSE,7,sad,negative
2,FALSE,7,memorable,positive
2,FALSE,7,bad,negative
2,FALSE,7,perfect,positive
2,FALSE,7,plot,negative
2,FALSE,7,fast,positive
2,FALSE,7,issue,negative
2,FALSE,7,enjoy,positive
2,FALSE,7,disliked,negative
2,FALSE,7,terrible,negative
2,FALSE,7,pretty,positive
2,FALSE,8,loved,positive
2,FALSE,9,fucking,negative
2,FALSE,9,loved,positive
2,FALSE,9,boring,negative
2,FALSE,9,criticism,negative
2,FALSE,9,whining,negative
2,FALSE,9,issues,negative
2,FALSE,11,perfect,positive
2,FALSE,11,enjoyed,positive
2,FALSE,11,enjoyable,positive
2,FALSE,12,positively,positive
2,FALSE,12,radiant,positive
2,FALSE,12,perfect,positive
2,FALSE,13,loved,positive
2,FALSE,13,smiling,positive
2,FALSE,13,love,positive
2,FALSE,14,die,negative
2,FALSE,14,hard,negative
2,FALSE,14,hate,negative
2,FALSE,14,loved,positive
2,FALSE,14,difficult,negative
2,FALSE,14,beautiful,positive
2,FALSE,14,fun,positive
2,FALSE,14,favorite,positive
2,FALSE,15,steal,negative
2,FALSE,16,love,positive
2,FALSE,16,enjoy,positive
2,FALSE,16,exceptional,positive
2,FALSE,16,stole,negative
2,FALSE,16,loved,positive
2,FALSE,16,dynamic,positive
2,FALSE,16,love,positive
2,FALSE,16,beautiful,positive
2,FALSE,16,love,positive
2,FALSE,16,togetherness,positive
2,FALSE,16,suffered,negative
2,FALSE,16,enjoyed,positive
2,FALSE,17,complained,negative
2,FALSE,17,angry,negative
2,FALSE,18,fucking,negative
2,FALSE,18,incredible,positive
2,FALSE,18,lucky,positive
2,FALSE,19,honest,positive
2,FALSE,19,suck,negative
2,FALSE,19,bad,negative
2,FALSE,21,loved,positive
2,FALSE,21,happy,positive
2,FALSE,21,magic,positive
2,FALSE,22,hater,negative
2,FALSE,22,futile,negative
2,FALSE,22,frustrated,negative
2,FALSE,22,desperately,negative
2,FALSE,22,beloved,positive
2,FALSE,22,damn,negative
2,FALSE,22,enjoy,positive
2,FALSE,22,hate,negative
2,FALSE,22,passion,positive
2,FALSE,23,suck,negative
2,FALSE,23,bad,negative
2,FALSE,23,loved,positive
2,FALSE,23,happy,positive
2,FALSE,23,suck,negative
2,FALSE,23,awful,negative
2,FALSE,23,liking,positive
2,FALSE,24,love,positive
2,FALSE,24,hate,negative
2,FALSE,25,slow,negative
2,FALSE,25,marvel,positive
2,FALSE,25,fast,positive
2,FALSE,26,losing,negative
2,FALSE,26,loved,positive
2,FALSE,26,tank,negative
2,FALSE,26,top,positive
2,FALSE,26,weirdly,negative
2,FALSE,26,loved,positive
2,FALSE,26,beautifully,positive
2,FALSE,29,unable,negative
2,FALSE,30,criticism,negative
2,FALSE,30,awesome,positive
2,FALSE,30,excited,positive
2,FALSE,31,immaterial,negative
2,FALSE,31,hate,negative
2,FALSE,31,gorgeous,positive
2,FALSE,31,terrible,negative
2,FALSE,32,happy,positive
2,FALSE,32,love,positive
2,FALSE,32,tense,negative
2,FALSE,32,exciting,positive
2,FALSE,32,stunning,positive
2,FALSE,32,issues,negative
2,FALSE,33,shit,negative
2,FALSE,33,loved,positive
2,FALSE,33,perfect,positive
2,FALSE,33,awesome,positive
2,FALSE,33,maniac,negative
2,FALSE,33,calm,positive
2,FALSE,33,cool,positive
2,FALSE,35,incredibly,positive
2,FALSE,36,relief,positive
2,FALSE,36,worried,negative
2,FALSE,36,marvel,positive
2,FALSE,36,humour,positive
2,FALSE,36,top,positive
2,FALSE,36,improving,positive
2,FALSE,36,disappointingly,negative
2,FALSE,36,slow,negative
2,FALSE,36,dragged,negative
2,FALSE,36,cool,positive
2,FALSE,36,nice,positive
2,FALSE,36,brilliant,positive
2,FALSE,36,lost,negative
2,FALSE,36,glory,positive
2,FALSE,36,amazing,positive
2,FALSE,36,brilliant,positive
2,FALSE,36,harsh,negative
2,FALSE,36,excitement,positive
2,FALSE,36,excited,positive
2,FALSE,36,optimism,positive
2,FALSE,36,wrong,negative
2,FALSE,37,excited,positive
2,FALSE,37,appealing,positive
2,FALSE,37,slow,negative
2,FALSE,38,beautiful,positive
2,FALSE,38,dumb,negative
2,FALSE,38,smile,positive
2,FALSE,39,disbelief,negative
2,FALSE,39,criticism,negative
2,FALSE,40,crazy,negative
2,FALSE,40,pretty,positive
2,FALSE,40,enjoy,positive
2,FALSE,40,glad,positive
2,FALSE,40,consistent,positive
2,FALSE,40,loved,positive
2,FALSE,40,rightfully,positive
2,FALSE,40,conservative,negative
2,FALSE,40,beautifully,positive
2,FALSE,40,lemon,negative
2,FALSE,40,sucker,negative
2,FALSE,40,fair,positive
2,FALSE,40,cliche,negative
2,FALSE,40,bloom,positive
2,FALSE,40,lovely,positive
2,FALSE,40,prison,negative
2,FALSE,40,stranger,negative
2,FALSE,40,tragic,negative
2,FALSE,40,bad,negative
2,FALSE,40,enjoyed,positive
2,FALSE,40,fun,positive
2,FALSE,40,fave,positive
2,FALSE,40,disappointed,negative
2,FALSE,40,helped,positive
2,FALSE,40,glory,positive
2,FALSE,41,worth,positive
2,FALSE,41,pleasantly,positive
2,FALSE,41,enjoyable,positive
2,FALSE,41,happy,positive
2,FALSE,42,cool,positive
2,FALSE,45,impressed,positive
2,FALSE,45,optimistic,positive
2,FALSE,45,stronger,positive
2,FALSE,45,enjoyed,positive
2,FALSE,45,prefer,positive
2,FALSE,45,enjoyed,positive
2,FALSE,45,contrived,negative
2,FALSE,45,positive,positive
2,FALSE,46,damn,negative
2,FALSE,46,happy,positive
2,FALSE,46,loved,positive
2,FALSE,46,happy,positive
2,FALSE,47,excited,positive
2,FALSE,47,enjoyed,positive
2,FALSE,47,happy,positive
2,FALSE,47,cool,positive
2,FALSE,48,happy,positive
3,FALSE,1,offending,negative
3,FALSE,1,free,positive
3,FALSE,1,warning,negative
3,FALSE,2,enjoying,positive
3,FALSE,2,heck,negative
3,FALSE,2,incredibly,positive
3,FALSE,2,enjoying,positive
3,FALSE,2,pretty,positive
3,FALSE,3,disappointed,negative
3,FALSE,3,slow,negative
3,FALSE,3,enjoy,positive
3,FALSE,3,marvel,positive
3,FALSE,3,beauty,positive
3,FALSE,3,plot,negative
3,FALSE,3,properly,positive
3,FALSE,3,flimsy,negative
3,FALSE,5,enjoying,positive
3,FALSE,5,trendy,positive
3,FALSE,5,hate,negative
3,FALSE,5,phenomenal,positive
3,FALSE,5,harshly,negative
3,FALSE,5,critical,negative
3,FALSE,5,faith,positive
3,FALSE,6,nice,positive
3,FALSE,6,charisma,positive
3,FALSE,6,bloody,negative
3,FALSE,6,appreciated,positive
3,FALSE,6,slow,negative
3,FALSE,6,tension,negative
3,FALSE,6,faster,positive
3,FALSE,7,gorgeous,positive
3,FALSE,7,incredibly,positive
3,FALSE,7,amazing,positive
3,FALSE,7,glad,positive
3,FALSE,7,aggressive,negative
3,FALSE,7,insulting,negative
3,FALSE,7,aggressive,negative
3,FALSE,7,lacking,negative
3,FALSE,7,slow,negative
3,FALSE,8,spectacular,positive
3,FALSE,8,amazing,positive
3,FALSE,8,cute,positive
3,FALSE,8,stranger,negative
3,FALSE,8,stranger,negative
3,FALSE,8,cool,positive
3,FALSE,8,hot,positive
3,FALSE,10,gorgeous,positive
3,FALSE,10,beautiful,positive
3,FALSE,10,fictional,negative
3,FALSE,10,panoramic,positive
3,FALSE,10,magnificent,positive
3,FALSE,10,achievement,positive
3,FALSE,10,sad,negative
3,FALSE,10,crowded,negative
3,FALSE,10,idiot,negative
3,FALSE,10,stealing,negative
3,FALSE,10,pretty,positive
3,FALSE,10,exploitation,negative
3,FALSE,10,wild,negative
3,FALSE,10,stupid,negative
3,FALSE,10,free,positive
3,FALSE,10,stupid,negative
3,FALSE,11,slow,negative
3,FALSE,11,ridiculous,negative
3,FALSE,11,losing,negative
3,FALSE,11,shit,negative
3,FALSE,11,loving,positive
3,FALSE,12,fantastic,positive
3,FALSE,12,love,positive
3,FALSE,12,cute,positive
3,FALSE,13,weird,negative
3,FALSE,14,fair,positive
3,FALSE,14,appreciated,positive
3,FALSE,16,love,positive
3,FALSE,17,elegant,positive
3,FALSE,17,beloved,positive
3,FALSE,18,cool,positive
3,FALSE,18,beautiful,positive
3,FALSE,18,love,positive
3,FALSE,18,slow,negative
3,FALSE,18,excited,positive
3,FALSE,18,slow,negative
3,FALSE,19,wise,positive
3,FALSE,19,healthy,positive
3,FALSE,19,injury,negative
3,FALSE,19,logical,positive
3,FALSE,21,bitch,negative
3,FALSE,21,perfect,positive
3,FALSE,21,beautiful,positive
3,FALSE,22,heck,negative
3,FALSE,23,weird,negative
3,FALSE,23,amazing,positive
3,FALSE,24,toil,negative
3,FALSE,24,renowned,positive
3,FALSE,25,suspect,negative
3,FALSE,25,pretty,positive
3,FALSE,25,suspicious,negative
3,FALSE,26,broken,negative
3,FALSE,26,gruesome,negative
3,FALSE,27,plot,negative
3,FALSE,27,slow,negative
3,FALSE,27,decent,positive
3,FALSE,27,brutal,negative
3,FALSE,28,superb,positive
3,FALSE,29,hopeful,positive
3,FALSE,30,worst,negative
3,FALSE,30,love,positive
3,FALSE,30,stranger,negative
3,FALSE,31,enjoy,positive
3,FALSE,31,lovely,positive
3,FALSE,31,crap,negative
3,FALSE,31,decent,positive
3,FALSE,31,incredible,positive
3,FALSE,31,decadent,negative
3,FALSE,31,nice,positive
3,FALSE,31,drawback,negative
3,FALSE,31,love,positive
3,FALSE,31,bad,negative
3,FALSE,31,extraneous,negative
3,FALSE,31,enjoyed,positive
3,FALSE,31,heartfelt,positive
3,FALSE,31,dies,negative
3,FALSE,31,lost,negative
3,FALSE,31,enjoyed,positive
3,FALSE,31,stranger,negative
3,FALSE,31,stranger,negative
3,FALSE,31,enjoyed,positive
3,FALSE,31,prisoner,negative
3,FALSE,31,rip,negative
3,FALSE,31,nitpick,negative
3,FALSE,31,parody,negative
3,FALSE,31,bored,negative
3,FALSE,31,properly,positive
3,FALSE,31,issue,negative
3,FALSE,31,freeze,negative
3,FALSE,31,suspect,negative
3,FALSE,31,trash,negative
3,FALSE,31,dissing,negative
3,FALSE,31,ignorance,negative
3,FALSE,31,disingenuous,negative
3,FALSE,31,perfection,positive
3,FALSE,31,break,negative
3,FALSE,31,odd,negative
3,FALSE,31,imperfection,negative
3,FALSE,31,loved,positive
3,FALSE,32,upset,negative
3,FALSE,33,allergic,negative
3,FALSE,33,dynamic,positive
3,FALSE,33,slave,negative
3,FALSE,34,liking,positive
3,FALSE,34,hard,negative
3,FALSE,35,love,positive
3,FALSE,35,freaking,negative
3,FALSE,35,amazing,positive
3,FALSE,35,shortsighted,negative
3,FALSE,35,snappy,positive
3,FALSE,35,enemies,negative
3,FALSE,35,stiff,negative
3,FALSE,36,glad,positive
3,FALSE,36,enjoying,positive
3,FALSE,36,disappoints,negative
3,FALSE,36,stereotypical,negative
3,FALSE,36,revenge,negative
3,FALSE,36,cliche,negative
3,FALSE,36,fine,positive
3,FALSE,36,aweful,negative
3,FALSE,37,loved,positive
3,FALSE,37,beautiful,positive
3,FALSE,37,love,positive
3,FALSE,38,embarrassing,negative
3,FALSE,40,liking,positive
3,FALSE,40,slow,negative
3,FALSE,40,slow,negative
3,FALSE,45,criticism,negative
3,FALSE,46,baffled,negative
3,FALSE,48,disapointed,negative
3,FALSE,48,dark,negative
3,FALSE,48,awesome,positive
3,FALSE,48,bad,negative
3,FALSE,48,waste,negative
3,FALSE,48,beautiful,positive
4,FALSE,2,favorite,positive
4,FALSE,2,nice,positive
4,FALSE,3,issue,negative
4,FALSE,3,wise,positive
4,FALSE,4,fascinating,positive
4,FALSE,4,dark,negative
4,FALSE,4,ghastly,negative
4,FALSE,4,trusting,positive
4,FALSE,4,love,positive
4,FALSE,4,glory,positive
4,FALSE,4,fantastic,positive
4,FALSE,4,tragic,negative
4,FALSE,4,dislike,negative
4,FALSE,4,wise,positive
4,FALSE,4,angry,negative
4,FALSE,4,mature,positive
4,FALSE,5,lies,negative
4,FALSE,6,shit,negative
4,FALSE,7,awesome,positive
4,FALSE,7,hate,negative
4,FALSE,8,slow,negative
4,FALSE,8,chill,negative
4,FALSE,9,loved,positive
4,FALSE,9,graceful,positive
4,FALSE,9,elegance,positive
4,FALSE,9,brash,negative
4,FALSE,9,damn,negative
4,FALSE,9,genuine,positive
4,FALSE,9,threat,negative
4,FALSE,9,fearful,negative
4,FALSE,9,shit,negative
4,FALSE,9,die,negative
4,FALSE,9,glad,positive
4,FALSE,9,weird,negative
4,FALSE,9,plot,negative
4,FALSE,9,accurate,positive
4,FALSE,9,accurate,positive
4,FALSE,9,boring,negative
4,FALSE,9,shit,negative
4,FALSE,9,powerful,positive
4,FALSE,9,graceful,positive
4,FALSE,9,dumb,negative
4,FALSE,9,bitch,negative
4,FALSE,9,convenient,positive
4,FALSE,11,fuck,negative
4,FALSE,11,fantastic,positive
4,FALSE,12,enjoying,positive
4,FALSE,12,fun,positive
4,FALSE,12,hard,negative
4,FALSE,12,fun,positive
4,FALSE,13,fantastic,positive
4,FALSE,13,masterful,positive
4,FALSE,14,phenomenal,positive
4,FALSE,14,top,positive
4,FALSE,15,brilliant,positive
4,FALSE,15,rich,positive
4,FALSE,16,prisoner,negative
4,FALSE,16,dope,negative
4,FALSE,16,adored,positive
4,FALSE,16,favorite,positive
4,FALSE,17,fallen,negative
4,FALSE,17,sad,negative
4,FALSE,17,dies,negative
4,FALSE,18,enjoyed,positive
4,FALSE,18,enjoying,positive
4,FALSE,18,phenomenal,positive
4,FALSE,18,superb,positive
4,FALSE,18,menacing,negative
4,FALSE,23,haters,negative
4,FALSE,23,complain,negative
4,FALSE,23,flaws,negative
4,FALSE,23,magic,positive
4,FALSE,23,prison,negative
4,FALSE,23,magic,positive
4,FALSE,23,humor,positive
4,FALSE,23,loud,negative
4,FALSE,23,love,positive
4,FALSE,23,cute,positive
4,FALSE,23,pure,positive
4,FALSE,23,joy,positive
4,FALSE,23,cool,positive
4,FALSE,25,pretty,positive
4,FALSE,25,love,positive
4,FALSE,25,awesome,positive
4,FALSE,25,plot,negative
4,FALSE,25,cool,positive
4,FALSE,25,broken,negative
4,FALSE,25,conflict,negative
4,FALSE,25,plot,negative
4,FALSE,25,beautiful,positive
4,FALSE,25,intriguing,positive
4,FALSE,25,riled,negative
4,FALSE,25,calming,positive
4,FALSE,25,amazing,positive
4,FALSE,25,falling,negative
4,FALSE,26,favorite,positive
4,FALSE,26,love,positive
4,FALSE,29,critic,negative
4,FALSE,30,fucking,negative
4,FALSE,30,insane,negative
4,FALSE,30,intriguing,positive
4,FALSE,30,love,positive
4,FALSE,30,dynamic,positive
4,FALSE,31,mystery,negative
4,FALSE,31,fast,positive
4,FALSE,31,tease,negative
4,FALSE,33,plot,negative
4,FALSE,33,fine,positive
4,FALSE,34,insufferable,negative
4,FALSE,35,enjoyed,positive
4,FALSE,35,plot,negative
4,FALSE,35,perfection,positive
4,FALSE,35,lovely,positive
4,FALSE,35,love,positive
4,FALSE,35,miss,negative
4,FALSE,35,love,positive
4,FALSE,35,dynamic,positive
4,FALSE,35,bad,negative
4,FALSE,37,cool,positive
4,FALSE,37,brave,positive
4,FALSE,37,burning,negative
4,FALSE,37,bad,negative
4,FALSE,37,miss,negative
4,FALSE,37,fresh,positive
4,FALSE,39,confused,negative
4,FALSE,39,advanced,positive
4,FALSE,39,generous,positive
4,FALSE,39,doubt,negative
4,FALSE,39,trick,negative
4,FALSE,39,enjoyable,positive
4,FALSE,39,distracting,negative
4,FALSE,40,slow,negative
4,FALSE,40,plot,negative
4,FALSE,40,bad,negative
4,FALSE,40,fucking,negative
4,FALSE,40,ridiculous,negative
4,FALSE,40,lazy,negative
4,FALSE,41,uneven,negative
4,FALSE,41,dreadful,negative
4,FALSE,41,contrived,negative
4,FALSE,42,stooge,negative
4,FALSE,42,cheesy,negative
4,FALSE,42,conveniently,positive
4,FALSE,42,sensitive,positive
4,FALSE,42,hurts,negative
4,FALSE,42,convenient,positive
4,FALSE,42,brutal,negative
4,FALSE,42,willingness,positive
4,FALSE,42,murder,negative
4,FALSE,42,dirty,negative
4,FALSE,42,evil,negative
4,FALSE,42,love,positive
4,FALSE,42,weak,negative
4,FALSE,43,diplomatic,positive
4,FALSE,43,pure,positive
4,FALSE,43,arrogance,negative
4,FALSE,43,subservient,negative
4,FALSE,43,achievements,positive
4,FALSE,43,glad,positive
4,FALSE,43,blunt,negative
4,FALSE,43,nice,positive
4,FALSE,44,lost,negative
4,FALSE,46,enjoyed,positive
4,FALSE,46,weird,negative
4,FALSE,46,concessions,negative
4,FALSE,46,rash,negative
4,FALSE,47,loyal,positive
4,FALSE,47,cool,positive
4,FALSE,47,loyal,positive
4,FALSE,47,upset,negative
4,FALSE,47,die,negative
4,FALSE,49,shit,negative
4,FALSE,50,manipulative,negative
4,FALSE,50,shock,negative
4,FALSE,50,convincing,positive
4,FALSE,50,enjoying,positive
5,FALSE,1,entertaining,positive
5,FALSE,2,lost,negative
5,FALSE,2,incredibly,positive
5,FALSE,2,lost,negative
5,FALSE,4,shake,negative
5,FALSE,4,love,positive
5,FALSE,4,enjoyed,positive
5,FALSE,4,slow,negative
5,FALSE,4,passion,positive
5,FALSE,4,tranquility,positive
5,FALSE,4,greed,negative
5,FALSE,4,despair,negative
5,FALSE,4,joke,negative
5,FALSE,4,marvelous,positive
5,FALSE,4,inconsistent,negative
5,FALSE,4,stranger,negative
5,FALSE,4,nice,positive
5,FALSE,4,magic,positive
5,FALSE,4,powerful,positive
5,FALSE,4,bad,negative
5,FALSE,4,toll,negative
5,FALSE,4,flashy,positive
5,FALSE,4,magic,positive
5,FALSE,4,magic,positive
5,FALSE,4,toll,negative
5,FALSE,4,loved,positive
5,FALSE,5,dislike,negative
5,FALSE,6,betray,negative
5,FALSE,6,kill,negative
5,FALSE,6,refuses,negative
5,FALSE,7,foreboding,negative
5,FALSE,8,excited,positive
5,FALSE,9,rumors,negative
5,FALSE,9,crushed,negative
5,FALSE,10,stranger,negative
5,FALSE,10,peril,negative
5,FALSE,10,lie,negative
5,FALSE,10,complaining,negative
5,FALSE,10,alarm,negative
5,FALSE,10,danger,negative
5,FALSE,10,incredibly,positive
5,FALSE,10,sickly,negative
5,FALSE,10,lead,positive
5,FALSE,10,miss,negative
5,FALSE,10,regard,positive
5,FALSE,10,virtue,positive
5,FALSE,10,fears,negative
5,FALSE,10,shocked,negative
5,FALSE,10,death,negative
5,FALSE,10,incredible,positive
5,FALSE,10,audacity,negative
5,FALSE,10,breaking,negative
5,FALSE,10,favor,positive
5,FALSE,10,lackey,negative
5,FALSE,10,pretty,positive
5,FALSE,10,classic,positive
5,FALSE,10,kill,negative
5,FALSE,10,worthy,positive
5,FALSE,10,lies,negative
5,FALSE,10,misunderstanding,negative
5,FALSE,10,tantrum,negative
5,FALSE,10,glow,positive
5,FALSE,10,charismatic,positive
5,FALSE,10,romantic,positive
5,FALSE,10,tension,negative
5,FALSE,10,pretty,positive
5,FALSE,10,friendly,positive
5,FALSE,10,pretty,positive
5,FALSE,10,nice,positive
5,FALSE,10,quicker,positive
5,FALSE,12,stranger,negative
5,FALSE,13,negative,negative
5,FALSE,14,amazing,positive
5,FALSE,14,fast,positive
5,FALSE,14,spoiled,negative
5,FALSE,14,rich,positive
5,FALSE,14,wrong,negative
5,FALSE,15,horrible,negative
5,FALSE,15,pretty,positive
5,FALSE,15,deny,negative
5,FALSE,15,funny,negative
5,FALSE,15,broken,negative
5,FALSE,16,drunk,negative
5,FALSE,16,sour,negative
5,FALSE,16,genuine,positive
5,FALSE,16,warmth,positive
5,FALSE,16,hypocrisy,negative
5,FALSE,16,tension,negative
5,FALSE,16,modern,positive
5,FALSE,16,lucidly,positive
5,FALSE,16,issue,negative
5,FALSE,16,bland,negative
5,FALSE,16,brave,positive
5,FALSE,16,bad,negative
5,FALSE,16,inconsistent,negative
5,FALSE,16,lack,negative
5,FALSE,16,plot,negative
5,FALSE,16,believable,positive
5,FALSE,16,conflict,negative
5,FALSE,16,believable,positive
5,FALSE,16,scared,negative
5,FALSE,16,believable,positive
5,FALSE,16,painfully,negative
5,FALSE,16,weird,negative
5,FALSE,16,believable,positive
5,FALSE,16,plot,negative
5,FALSE,16,worse,negative
5,FALSE,16,unpredictable,negative
5,FALSE,16,plot,negative
5,FALSE,16,reluctantly,negative
5,FALSE,16,plot,negative
5,FALSE,16,unhappy,negative
5,FALSE,16,dislike,negative
5,FALSE,16,cliche,negative
5,FALSE,16,strong,positive
5,FALSE,16,conflict,negative
5,FALSE,16,relief,positive
5,FALSE,16,dumb,negative
5,FALSE,16,lovable,positive
5,FALSE,16,conflict,negative
5,FALSE,16,sabotage,negative
5,FALSE,16,unnecessary,negative
5,FALSE,16,easier,positive
5,FALSE,16,worse,negative
5,FALSE,16,hate,negative
5,FALSE,16,hate,negative
5,FALSE,16,conflict,negative
5,FALSE,16,plot,negative
5,FALSE,16,dead,negative
5,FALSE,16,willingness,positive
5,FALSE,16,hopeless,negative
5,FALSE,16,destitute,negative
5,FALSE,16,enemy,negative
5,FALSE,16,willingness,positive
5,FALSE,16,evil,negative
5,FALSE,16,bad,negative
5,FALSE,16,stress,negative
5,FALSE,16,steal,negative
5,FALSE,16,consistently,positive
5,FALSE,16,fake,negative
5,FALSE,16,fake,negative
5,FALSE,16,easier,positive
5,FALSE,16,fake,negative
5,FALSE,16,trick,negative
5,FALSE,16,trick,negative
5,FALSE,16,bad,negative
5,FALSE,16,conflicted,negative
5,FALSE,16,conflicted,negative
5,FALSE,16,dominate,positive
5,FALSE,16,peacefully,positive
5,FALSE,16,erratically,negative
5,FALSE,16,doubt,negative
5,FALSE,16,hype,negative
5,FALSE,16,hollow,negative
5,FALSE,16,bad,negative
5,FALSE,16,magic,positive
5,FALSE,16,faith,positive
5,FALSE,16,fine,positive
5,FALSE,16,hang,negative
5,FALSE,16,authoritarian,negative
5,FALSE,16,consistent,positive
5,FALSE,16,difficult,negative
5,FALSE,16,wrong,negative
5,FALSE,16,substantive,positive
5,FALSE,16,plot,negative
5,FALSE,16,continuity,positive
5,FALSE,16,plot,negative
5,FALSE,16,slow,negative
5,FALSE,16,sad,negative
5,FALSE,16,death,negative
5,FALSE,16,nonsense,negative
5,FALSE,16,inspiring,positive
5,FALSE,16,ready,positive
5,FALSE,16,hopeless,negative
5,FALSE,16,fucking,negative
5,FALSE,16,inspirational,positive
5,FALSE,16,ready,positive
5,FALSE,16,unknown,negative
5,FALSE,16,enemy,negative
5,FALSE,16,inspirational,positive
5,FALSE,16,grossly,negative
5,FALSE,16,weird,negative
5,FALSE,16,killing,negative
5,FALSE,16,kill,negative
5,FALSE,16,kill,negative
5,FALSE,16,pretense,negative
5,FALSE,16,idiots,negative
5,FALSE,16,clean,positive
5,FALSE,16,nonsense,negative
5,FALSE,16,sensibly,positive
5,FALSE,17,outcast,negative
5,FALSE,17,love,positive
5,FALSE,18,boring,negative
5,FALSE,20,goodness,positive
5,FALSE,21,amazing,positive
5,FALSE,22,lead,positive
5,FALSE,22,devastation,negative
5,FALSE,22,dope,negative
5,FALSE,22,ironic,negative
5,FALSE,23,favorite,positive
5,FALSE,23,dark,negative
5,FALSE,23,love,positive
5,FALSE,25,shocked,negative
5,FALSE,25,obstacle,negative
5,FALSE,25,damn,negative
5,FALSE,25,dope,negative
5,FALSE,25,bloody,negative
5,FALSE,26,awesome,positive
5,FALSE,26,damn,negative
5,FALSE,27,bad,negative
5,FALSE,27,improved,positive
5,FALSE,27,crush,negative
5,FALSE,27,cringe,negative
5,FALSE,27,useless,negative
5,FALSE,27,beautiful,positive
5,FALSE,28,weak,negative
5,FALSE,29,sweeping,positive
5,FALSE,30,cool,positive
5,FALSE,30,funny,negative
5,FALSE,30,bent,negative
5,FALSE,30,odd,negative
5,FALSE,30,loved,positive
5,FALSE,30,stranger,negative
5,FALSE,30,support,positive
5,FALSE,30,burn,negative
5,FALSE,30,sack,negative
5,FALSE,31,stranger,negative
5,FALSE,31,subvert,negative
5,FALSE,32,hate,negative
5,FALSE,32,killed,negative
5,FALSE,32,sad,negative
5,FALSE,35,slow,negative
5,FALSE,35,burn,negative
5,FALSE,35,hot,positive
5,FALSE,35,awesome,positive
5,FALSE,35,coolest,positive
5,FALSE,35,stranger,negative
5,FALSE,35,cool,positive
5,FALSE,35,issues,negative
5,FALSE,35,mocking,negative
5,FALSE,35,truthful,positive
5,FALSE,35,rational,positive
5,FALSE,35,wise,positive
5,FALSE,35,fooled,negative
5,FALSE,36,enjoyed,positive
5,FALSE,36,bothering,negative
5,FALSE,36,losing,negative
5,FALSE,36,breaking,negative
5,FALSE,36,damaged,negative
5,FALSE,36,panic,negative
5,FALSE,36,tension,negative
5,FALSE,36,spoiled,negative
5,FALSE,36,logical,positive
5,FALSE,36,bad,negative
5,FALSE,36,consistent,positive
5,FALSE,36,understandable,positive
5,FALSE,37,love,positive
5,FALSE,37,wow,positive
5,FALSE,38,enjoying,positive
5,FALSE,38,wonderful,positive
5,FALSE,39,stranger,negative
5,FALSE,40,slow,negative
5,FALSE,40,freaking,negative
5,FALSE,40,loved,positive
5,FALSE,41,weird,negative
5,FALSE,41,love,positive
5,FALSE,41,stranger,negative
5,FALSE,42,loved,positive
5,FALSE,42,dragged,negative
5,FALSE,42,burn,negative
5,FALSE,42,idiot,negative
5,FALSE,42,burning,negative
5,FALSE,42,crime,negative
5,FALSE,43,bothering,negative
5,FALSE,43,assault,negative
5,FALSE,44,shady,negative
5,FALSE,44,shit,negative
5,FALSE,44,hate,negative
5,FALSE,44,steal,negative
5,FALSE,44,nonsense,negative
5,FALSE,44,evil,negative
5,FALSE,44,fun,positive
5,FALSE,45,anger,negative
5,FALSE,45,upset,negative
5,FALSE,45,frustrating,negative
5,FALSE,46,enjoyable,positive
5,FALSE,46,plot,negative
5,FALSE,46,beautifully,positive
5,FALSE,46,plot,negative
5,FALSE,46,nicely,positive
5,FALSE,46,enjoyed,positive
5,FALSE,46,reconcile,positive
5,FALSE,46,kindly,positive
5,FALSE,47,loved,positive
5,FALSE,47,strong,positive
5,FALSE,47,stab,negative
5,FALSE,47,twist,negative
5,FALSE,47,wow,positive
5,FALSE,47,wisdom,positive
5,FALSE,48,burning,negative
5,FALSE,48,unnecessary,negative
5,FALSE,48,ridiculous,negative
5,FALSE,48,top,positive
5,FALSE,48,ugh,negative
6,FALSE,1,promised,positive
6,FALSE,4,complaint,negative
6,FALSE,4,bum,negative
6,FALSE,4,cool,positive
6,FALSE,5,crush,negative
6,FALSE,6,glad,positive
6,FALSE,6,magical,positive
6,FALSE,6,explode,negative
6,FALSE,6,concerned,negative
6,FALSE,7,twist,negative
6,FALSE,8,ridiculous,negative
6,FALSE,8,sack,negative
6,FALSE,9,enjoyed,positive
6,FALSE,10,amazing,positive
6,FALSE,11,absurd,negative
6,FALSE,11,wrong,negative
6,FALSE,11,complicated,negative
6,FALSE,13,enjoyed,positive
6,FALSE,13,confrontation,negative
6,FALSE,13,ambiguity,negative
6,FALSE,13,utterly,negative
6,FALSE,13,utterly,negative
6,FALSE,13,evil,negative
6,FALSE,13,racist,negative
6,FALSE,13,fanatic,negative
6,FALSE,13,wrong,negative
6,FALSE,13,evil,negative
6,FALSE,13,complex,negative
6,FALSE,14,tickle,positive
6,FALSE,15,pretty,positive
6,FALSE,15,clever,positive
6,FALSE,15,distract,negative
6,FALSE,15,enemies,negative
6,FALSE,15,killed,negative
6,FALSE,15,enemy,negative
6,FALSE,15,nasty,negative
6,FALSE,15,smash,negative
6,FALSE,15,admirable,positive
6,FALSE,15,protect,positive
6,FALSE,15,protect,positive
6,FALSE,15,hate,negative
6,FALSE,15,bad,negative
6,FALSE,15,grossly,negative
6,FALSE,15,admirable,positive
6,FALSE,15,died,negative
6,FALSE,15,wow,positive
6,FALSE,15,breaking,negative
6,FALSE,15,foresight,positive
6,FALSE,15,love,positive
6,FALSE,15,trample,negative
6,FALSE,15,enemy,negative
6,FALSE,15,hell,negative
6,FALSE,15,willingly,positive
6,FALSE,15,panic,negative
6,FALSE,15,funny,negative
6,FALSE,15,lie,negative
6,FALSE,15,cowardly,negative
6,FALSE,15,swamped,negative
6,FALSE,15,burning,negative
6,FALSE,15,poor,negative
6,FALSE,15,unreliable,negative
6,FALSE,15,bullshit,negative
6,FALSE,15,vehemently,negative
6,FALSE,15,denied,negative
6,FALSE,15,lying,negative
6,FALSE,15,dead,negative
6,FALSE,15,hell,negative
6,FALSE,15,pretty,positive
6,FALSE,15,damn,negative
6,FALSE,15,clever,positive
6,FALSE,15,dedicated,positive
6,FALSE,15,scapegoat,negative
6,FALSE,15,trust,positive
6,FALSE,15,love,positive
6,FALSE,15,neat,positive
6,FALSE,15,perfect,positive
6,FALSE,15,questionable,negative
6,FALSE,15,tired,negative
6,FALSE,15,flaws,negative
6,FALSE,17,dead,negative
6,FALSE,19,doom,negative
6,FALSE,19,doom,negative
6,FALSE,21,phenomenal,positive
6,FALSE,21,pretty,positive
6,FALSE,21,insinuation,negative
6,FALSE,21,pretty,positive
6,FALSE,21,strong,positive
6,FALSE,23,annoying,negative
6,FALSE,23,genocide,negative
6,FALSE,23,apologist,negative
6,FALSE,23,murder,negative
6,FALSE,23,apologist,negative
6,FALSE,24,death,negative
6,FALSE,24,annoying,negative
6,FALSE,24,kill,negative
6,FALSE,24,bad,negative
6,FALSE,25,plot,negative
6,FALSE,29,loved,positive
6,FALSE,29,fantastic,positive
6,FALSE,29,haters,negative
6,FALSE,29,hate,negative
6,FALSE,30,fairly,positive
6,FALSE,31,cool,positive
6,FALSE,32,enjoying,positive
6,FALSE,32,plot,negative
6,FALSE,34,dope,negative
6,FALSE,34,loved,positive
6,FALSE,34,crazy,negative
6,FALSE,34,powerful,positive
6,FALSE,34,holy,positive
6,FALSE,34,shit,negative
6,FALSE,34,doubt,negative
6,FALSE,36,shocked,negative
6,FALSE,36,doom,negative
6,FALSE,36,stunning,positive
6,FALSE,36,pretty,positive
6,FALSE,36,eager,positive
6,FALSE,37,killed,negative
6,FALSE,38,drunk,negative
6,FALSE,41,stab,negative
6,FALSE,41,twist,negative
6,FALSE,42,worth,positive
6,FALSE,43,die,negative
6,FALSE,43,broke,negative
6,FALSE,43,instantly,positive
6,FALSE,43,dawn,positive
6,FALSE,44,funny,negative
6,FALSE,44,loved,positive
6,FALSE,44,favorite,positive
6,FALSE,44,critics,negative
6,FALSE,44,loved,positive
6,FALSE,44,favorite,positive
6,FALSE,44,shit,negative
6,FALSE,44,love,positive
6,FALSE,44,pretty,positive
6,FALSE,45,fantastic,positive
6,FALSE,46,love,positive
6,FALSE,46,miss,negative
6,FALSE,46,enjoying,positive
6,FALSE,47,hot,positive
6,FALSE,47,damn,negative
6,FALSE,47,favorite,positive
6,FALSE,47,pretty,positive
6,FALSE,47,sweet,positive
6,FALSE,47,beautiful,positive
6,FALSE,47,plot,negative
6,FALSE,47,awesome,positive
6,FALSE,47,strange,negative
6,FALSE,47,awkward,negative
6,FALSE,47,craziness,negative
6,FALSE,47,sick,negative
6,FALSE,47,excited,positive
6,FALSE,48,wisdom,positive
6,FALSE,48,revenge,negative
6,FALSE,48,ease,positive
6,FALSE,48,revenge,negative
6,FALSE,48,kill,negative
6,FALSE,48,hostage,negative
6,FALSE,48,killing,negative
6,FALSE,48,hate,negative
6,FALSE,48,doom,negative
6,FALSE,48,bad,negative
6,FALSE,49,hate,negative
6,FALSE,49,amazing,positive
7,FALSE,1,death,negative
7,FALSE,1,shallow,negative
7,FALSE,1,plot,negative
7,FALSE,1,dead,negative
7,FALSE,1,pointless,negative
7,FALSE,2,wound,negative
7,FALSE,2,wound,negative
7,FALSE,2,magic,positive
7,FALSE,2,excuse,negative
7,FALSE,2,fall,negative
7,FALSE,4,fear,negative
7,FALSE,4,darkness,negative
7,FALSE,5,glad,positive
7,FALSE,7,hard,negative
7,FALSE,7,ridiculous,negative
7,FALSE,9,holy,positive
7,FALSE,9,shit,negative
7,FALSE,9,shame,negative
7,FALSE,9,uncomfy,negative
7,FALSE,9,uncomfy,negative
7,FALSE,9,weird,negative
7,FALSE,9,pointless,negative
7,FALSE,9,sinister,negative
7,FALSE,9,wholesome,positive
7,FALSE,9,confused,negative
7,FALSE,9,conflict,negative
7,FALSE,9,worried,negative
7,FALSE,9,disaster,negative
7,FALSE,9,corrupted,negative
7,FALSE,9,missed,negative
7,FALSE,9,skeptical,negative
7,FALSE,9,cure,positive
7,FALSE,9,concede,negative
7,FALSE,9,cure,positive
7,FALSE,9,ruin,negative
7,FALSE,9,fault,negative
7,FALSE,9,threatening,negative
7,FALSE,9,genocide,negative
7,FALSE,9,promised,positive
7,FALSE,9,jerky,negative
7,FALSE,9,killing,negative
7,FALSE,9,tired,negative
7,FALSE,9,bait,negative
7,FALSE,9,dead,negative
7,FALSE,9,dead,negative
7,FALSE,9,genuine,positive
7,FALSE,9,dead,negative
7,FALSE,9,hubris,negative
7,FALSE,9,vengeance,negative
7,FALSE,9,tragic,negative
7,FALSE,9,tired,negative
7,FALSE,9,twists,negative
7,FALSE,9,unnecessary,negative
7,FALSE,9,dawn,positive
7,FALSE,9,blame,negative
7,FALSE,10,fudge,negative
7,FALSE,10,cringe,negative
7,FALSE,11,powerful,positive
7,FALSE,12,plot,negative
7,FALSE,12,twist,negative
7,FALSE,12,stranger,negative
7,FALSE,12,dead,negative
7,FALSE,12,plot,negative
7,FALSE,12,fool,negative
7,FALSE,14,kill,negative
7,FALSE,14,genocide,negative
7,FALSE,14,killing,negative
7,FALSE,14,bad,negative
7,FALSE,14,ugly,negative
7,FALSE,14,death,negative
7,FALSE,14,lying,negative
7,FALSE,14,fast,positive
7,FALSE,18,genocide,negative
7,FALSE,18,hell,negative
7,FALSE,18,plot,negative
7,FALSE,18,conveniently,positive
7,FALSE,18,plot,negative
7,FALSE,18,grievously,negative
7,FALSE,18,death,negative
7,FALSE,18,fear,negative
7,FALSE,18,dead,negative
7,FALSE,18,dumb,negative
7,FALSE,18,tension,negative
7,FALSE,18,plot,negative
7,FALSE,18,evil,negative
7,FALSE,18,liberation,positive
7,FALSE,18,love,positive
7,FALSE,18,love,positive
7,FALSE,18,plot,negative
7,FALSE,18,myth,negative
7,FALSE,18,discord,negative
7,FALSE,18,haste,negative
7,FALSE,18,bane,negative
7,FALSE,18,classic,positive
7,FALSE,18,survival,positive
7,FALSE,18,willingly,positive
7,FALSE,18,saver,positive
7,FALSE,18,plot,negative
7,FALSE,18,gimmick,negative
7,FALSE,18,exaggerate,negative
7,FALSE,18,bad,negative
7,FALSE,18,critical,negative
7,FALSE,19,safely,positive
7,FALSE,19,smoke,negative
7,FALSE,19,fine,positive
7,FALSE,20,bad,negative
7,FALSE,20,burning,negative
7,FALSE,20,fell,negative
7,FALSE,20,darkness,negative
7,FALSE,20,mystery,negative
7,FALSE,20,insecure,negative
7,FALSE,21,bad,negative
7,FALSE,21,died,negative
7,FALSE,22,super,positive
7,FALSE,22,bland,negative
7,FALSE,23,issues,negative
7,FALSE,23,plague,negative
7,FALSE,23,fall,negative
7,FALSE,23,praising,positive
7,FALSE,23,killing,negative
7,FALSE,23,evil,negative
7,FALSE,23,blind,negative
7,FALSE,23,silly,negative
7,FALSE,24,fucking,negative
7,FALSE,24,hate,negative
7,FALSE,24,miserable,negative
7,FALSE,24,positive,positive
7,FALSE,26,mysterious,negative
7,FALSE,26,plot,negative
7,FALSE,27,greed,negative
7,FALSE,27,doom,negative
7,FALSE,27,ignore,negative
7,FALSE,27,slaughter,negative
7,FALSE,28,magic,positive
7,FALSE,28,unbelievably,negative
7,FALSE,28,dumb,negative
7,FALSE,29,plot,negative
7,FALSE,29,twist,negative
7,FALSE,30,solid,positive
7,FALSE,30,conflict,negative
7,FALSE,30,consistently,positive
7,FALSE,30,slow,negative
7,FALSE,30,plot,negative
7,FALSE,30,swelling,negative
7,FALSE,31,complain,negative
7,FALSE,31,flaws,negative
7,FALSE,31,loving,positive
7,FALSE,31,glad,positive
7,FALSE,31,slow,negative
7,FALSE,31,boring,negative
7,FALSE,31,blow,negative
7,FALSE,32,flaws,negative
7,FALSE,32,upset,negative
7,FALSE,32,miserably,negative
7,FALSE,32,ignore,negative
7,FALSE,32,issues,negative
7,FALSE,32,enjoy,positive
7,FALSE,32,complaints,negative
7,FALSE,32,enjoy,positive
7,FALSE,32,nonsense,negative
7,FALSE,32,spite,negative
7,FALSE,32,inconceivably,negative
7,FALSE,32,awful,negative
7,FALSE,34,crazy,negative
7,FALSE,34,patience,positive
7,FALSE,34,hate,negative
7,FALSE,34,wrong,negative
7,FALSE,34,complaints,negative
7,FALSE,35,hurt,negative
7,FALSE,35,annoyed,negative
7,FALSE,35,smoke,negative
7,FALSE,35,irritating,negative
7,FALSE,35,repel,negative
7,FALSE,35,darkness,negative
7,FALSE,35,demon,negative
7,FALSE,36,cry,negative
7,FALSE,36,sad,negative
7,FALSE,37,favorite,positive
7,FALSE,37,fucking,negative
7,FALSE,40,magic,positive
7,FALSE,40,magic,positive
7,FALSE,41,fairly,positive
7,FALSE,41,slow,negative
7,FALSE,41,excited,positive
7,FALSE,41,guilty,negative
7,FALSE,41,nitpicking,negative
7,FALSE,41,dislike,negative
7,FALSE,41,hype,negative
7,FALSE,41,weird,negative
7,FALSE,42,dying,negative
7,FALSE,42,backbone,positive
7,FALSE,42,weak,negative
7,FALSE,43,excited,positive
7,FALSE,43,magic,positive
7,FALSE,43,magical,positive
7,FALSE,43,shame,negative
7,FALSE,43,haters,negative
7,FALSE,43,fucking,negative
7,FALSE,43,cool,positive
7,FALSE,43,bad,negative
7,FALSE,43,pardon,positive
7,FALSE,44,bored,negative
7,FALSE,45,lazy,negative
7,FALSE,45,stranger,negative
7,FALSE,45,starve,negative
7,FALSE,45,death,negative
7,FALSE,45,dangerous,negative
7,FALSE,46,enjoying,positive
7,FALSE,46,bothered,negative
7,FALSE,46,fear,negative
7,FALSE,47,insufferable,negative
7,FALSE,47,plot,negative
7,FALSE,47,joke,negative
7,FALSE,48,promise,positive
7,FALSE,48,fucking,negative
7,FALSE,48,prick,negative
7,FALSE,48,blind,negative
7,FALSE,48,fuck,negative
7,FALSE,49,criticisms,negative
7,FALSE,49,burned,negative
7,FALSE,49,fiery,positive
7,FALSE,49,pretty,positive
7,FALSE,49,hot,positive
7,FALSE,49,disbelief,negative
7,FALSE,49,fine,positive
7,FALSE,49,damage,negative
7,FALSE,49,burned,negative
7,FALSE,49,blow,negative
